{
	"credit": "Made with Blockbench",
	"textures": {
		"0": "block/brown_terracotta",
		"2": "block/light_blue_stained_glass",
		"3": "block/gray_concrete",
		"4": "block/light_gray_concrete",
		"particle": "block/brown_terracotta"
	},
	"elements": [
		{
			"from": [0.75, 2.25, 2],
			"to": [1, 3.5, 4],
			"rotation": {"angle": 0, "axis": "y", "origin": [0, 1.75, 0]},
			"faces": {
				"north": {"uv": [4, 4, 5.25, 6.25], "texture": "#0"},
				"east": {"uv": [4, 4, 7, 6.25], "texture": "#0"},
				"south": {"uv": [4, 4, 5.25, 6.25], "texture": "#0"},
				"west": {"uv": [4, 4, 7, 6.25], "texture": "#0"},
				"up": {"uv": [4, 4, 5.25, 7], "texture": "#0"},
				"down": {"uv": [4, 4, 5.25, 7], "texture": "#0"}
			}
		},
		{
			"from": [1, 2.25, 1.75],
			"to": [1.25, 3.5, 4.25],
			"rotation": {"angle": 0, "axis": "y", "origin": [0, 1.75, 0]},
			"faces": {
				"north": {"uv": [4, 4, 5.25, 6.25], "texture": "#0"},
				"east": {"uv": [4, 4, 7.5, 6.25], "texture": "#0"},
				"south": {"uv": [4, 4, 5.25, 6.25], "texture": "#0"},
				"west": {"uv": [4, 4, 7.5, 6.25], "texture": "#0"},
				"up": {"uv": [4, 4, 5.25, 7.5], "texture": "#0"},
				"down": {"uv": [4, 4, 5.25, 7.5], "texture": "#0"}
			}
		},
		{
			"from": [1.25, 5.5, 2.25],
			"to": [4.25, 5.75, 4.75],
			"rotation": {"angle": 0, "axis": "y", "origin": [0, 1.75, 0]},
			"faces": {
				"north": {"uv": [4, 4, 8, 5.25], "texture": "#0"},
				"east": {"uv": [4, 4, 7.5, 5.25], "texture": "#0"},
				"south": {"uv": [4, 4, 8, 5.25], "texture": "#0"},
				"west": {"uv": [4, 4, 7.5, 5.25], "texture": "#0"},
				"up": {"uv": [4, 4, 8, 7.5], "texture": "#0"},
				"down": {"uv": [4, 4, 8, 7.5], "texture": "#0"}
			}
		},
		{
			"from": [1.25, 4.5, 0.75],
			"to": [4.25, 4.75, 1.5],
			"rotation": {"angle": 0, "axis": "y", "origin": [0, 1.75, 0]},
			"faces": {
				"north": {"uv": [4, 4, 8, 5.25], "texture": "#0"},
				"east": {"uv": [4, 4, 7.5, 5.25], "texture": "#0"},
				"south": {"uv": [4, 4, 8, 5.25], "texture": "#0"},
				"west": {"uv": [4, 4, 7.5, 5.25], "texture": "#0"},
				"up": {"uv": [4, 4, 8, 7.5], "texture": "#0"},
				"down": {"uv": [4, 4, 8, 7.5], "texture": "#0"}
			}
		},
		{
			"from": [1.25, 4.25, 2.75],
			"to": [4.25, 4.5, 3.5],
			"rotation": {"angle": -22.5, "axis": "x", "origin": [0, 1.75, 0]},
			"faces": {
				"north": {"uv": [4, 4, 8, 5.25], "texture": "#0"},
				"east": {"uv": [4, 4, 5.75, 5.25], "texture": "#0"},
				"south": {"uv": [4, 4, 8, 5.25], "texture": "#0"},
				"west": {"uv": [4, 4, 5.75, 5.25], "texture": "#0"},
				"up": {"uv": [4, 4, 8, 5.75], "texture": "#0"},
				"down": {"uv": [4, 4, 8, 5.75], "texture": "#0"}
			}
		},
		{
			"from": [1.25, 3, 2.75],
			"to": [4.25, 3.25, 3.5],
			"rotation": {"angle": -45, "axis": "x", "origin": [0, 1.75, 0]},
			"faces": {
				"north": {"uv": [4, 4, 8, 5.25], "texture": "#0"},
				"east": {"uv": [4, 4, 5.75, 5.25], "texture": "#0"},
				"south": {"uv": [4, 4, 8, 5.25], "texture": "#0"},
				"west": {"uv": [4, 4, 5.75, 5.25], "texture": "#0"},
				"up": {"uv": [4, 4, 8, 5.75], "texture": "#0"},
				"down": {"uv": [4, 4, 8, 5.75], "texture": "#0"}
			}
		},
		{
			"from": [2.125, 4.5, 0.25],
			"to": [3.375, 4.75, 1],
			"rotation": {"angle": 0, "axis": "x", "origin": [0, 1.5, -0.25]},
			"faces": {
				"north": {"uv": [4, 4, 6.25, 5.25], "texture": "#0"},
				"east": {"uv": [4, 4, 5.75, 5.25], "texture": "#0"},
				"south": {"uv": [4, 4, 6.25, 5.25], "texture": "#0"},
				"west": {"uv": [4, 4, 5.75, 5.25], "texture": "#0"},
				"up": {"uv": [4, 4, 6.25, 5.75], "texture": "#0"},
				"down": {"uv": [4, 4, 6.25, 5.75], "texture": "#0"}
			}
		},
		{
			"from": [3.375, 4.5, -1],
			"to": [4.625, 4.75, -0.25],
			"rotation": {"angle": -22.5, "axis": "y", "origin": [0, 1.5, -0.25]},
			"faces": {
				"north": {"uv": [4, 4, 6.25, 5.25], "texture": "#0"},
				"east": {"uv": [4, 4, 5.75, 5.25], "texture": "#0"},
				"south": {"uv": [4, 4, 6.25, 5.25], "texture": "#0"},
				"west": {"uv": [4, 4, 5.75, 5.25], "texture": "#0"},
				"up": {"uv": [4, 4, 6.25, 5.75], "texture": "#0"},
				"down": {"uv": [4, 4, 6.25, 5.75], "texture": "#0"}
			}
		},
		{
			"from": [0.5, 4.5, 1],
			"to": [1.75, 4.75, 1.75],
			"rotation": {"angle": 22.5, "axis": "y", "origin": [0, 1.5, -0.25]},
			"faces": {
				"north": {"uv": [4, 4, 6.25, 5.25], "texture": "#0"},
				"east": {"uv": [4, 4, 5.75, 5.25], "texture": "#0"},
				"south": {"uv": [4, 4, 6.25, 5.25], "texture": "#0"},
				"west": {"uv": [4, 4, 5.75, 5.25], "texture": "#0"},
				"up": {"uv": [4, 4, 6.25, 5.75], "texture": "#0"},
				"down": {"uv": [4, 4, 6.25, 5.75], "texture": "#0"}
			}
		},
		{
			"from": [0.75, 3.5, 1.75],
			"to": [1, 5.5, 4.5],
			"rotation": {"angle": 0, "axis": "y", "origin": [0, 1.75, 0]},
			"faces": {
				"north": {"uv": [4, 4, 5.25, 7], "texture": "#0"},
				"east": {"uv": [4, 4, 7.75, 7], "texture": "#0"},
				"south": {"uv": [4, 4, 5.25, 7], "texture": "#0"},
				"west": {"uv": [4, 4, 7.75, 7], "texture": "#0"},
				"up": {"uv": [4, 4, 5.25, 7.75], "texture": "#0"},
				"down": {"uv": [4, 4, 5.25, 7.75], "texture": "#0"}
			}
		},
		{
			"from": [1, 3.5, 1.5],
			"to": [1.25, 5.5, 4.75],
			"rotation": {"angle": 0, "axis": "y", "origin": [0, 1.75, 0]},
			"faces": {
				"north": {"uv": [4, 4, 5.25, 7], "texture": "#0"},
				"east": {"uv": [4, 4, 8.25, 7], "texture": "#0"},
				"south": {"uv": [4, 4, 5.25, 7], "texture": "#0"},
				"west": {"uv": [4, 4, 8.25, 7], "texture": "#0"},
				"up": {"uv": [4, 4, 5.25, 8.25], "texture": "#0"},
				"down": {"uv": [4, 4, 5.25, 8.25], "texture": "#0"}
			}
		},
		{
			"from": [4.25, 1, 2.5],
			"to": [4.5, 1.25, 3.5],
			"rotation": {"angle": 0, "axis": "y", "origin": [0, 1.75, 0]},
			"faces": {
				"north": {"uv": [4, 4, 5.25, 5.25], "texture": "#0"},
				"east": {"uv": [4, 4, 6, 5.25], "texture": "#0"},
				"south": {"uv": [4, 4, 5.25, 5.25], "texture": "#0"},
				"west": {"uv": [4, 4, 6, 5.25], "texture": "#0"},
				"up": {"uv": [4, 4, 5.25, 6], "texture": "#0"},
				"down": {"uv": [4, 4, 5.25, 6], "texture": "#0"}
			}
		},
		{
			"from": [4.25, 1.25, 2.25],
			"to": [4.5, 2.25, 3.75],
			"rotation": {"angle": 0, "axis": "y", "origin": [0, 1.75, 0]},
			"faces": {
				"north": {"uv": [4, 4, 5.25, 6], "texture": "#0"},
				"east": {"uv": [4, 4, 6.5, 6], "texture": "#0"},
				"south": {"uv": [4, 4, 5.25, 6], "texture": "#0"},
				"west": {"uv": [4, 4, 6.5, 6], "texture": "#0"},
				"up": {"uv": [4, 4, 5.25, 6.5], "texture": "#0"},
				"down": {"uv": [4, 4, 5.25, 6.5], "texture": "#0"}
			}
		},
		{
			"from": [4.25, 2.25, 1.75],
			"to": [4.5, 3.5, 4.25],
			"rotation": {"angle": 0, "axis": "y", "origin": [0, 1.75, 0]},
			"faces": {
				"north": {"uv": [4, 4, 5.25, 6.25], "texture": "#0"},
				"east": {"uv": [4, 4, 7.5, 6.25], "texture": "#0"},
				"south": {"uv": [4, 4, 5.25, 6.25], "texture": "#0"},
				"west": {"uv": [4, 4, 7.5, 6.25], "texture": "#0"},
				"up": {"uv": [4, 4, 5.25, 7.5], "texture": "#0"},
				"down": {"uv": [4, 4, 5.25, 7.5], "texture": "#0"}
			}
		},
		{
			"from": [4.25, 3.5, 1.5],
			"to": [4.5, 5.5, 4.75],
			"rotation": {"angle": 0, "axis": "y", "origin": [0, 1.75, 0]},
			"faces": {
				"north": {"uv": [4, 4, 5.25, 7], "texture": "#0"},
				"east": {"uv": [4, 4, 8.25, 7], "texture": "#0"},
				"south": {"uv": [4, 4, 5.25, 7], "texture": "#0"},
				"west": {"uv": [4, 4, 8.25, 7], "texture": "#0"},
				"up": {"uv": [4, 4, 5.25, 8.25], "texture": "#0"},
				"down": {"uv": [4, 4, 5.25, 8.25], "texture": "#0"}
			}
		},
		{
			"from": [4.5, 3.5, 1.75],
			"to": [4.75, 5.5, 4.5],
			"rotation": {"angle": 0, "axis": "y", "origin": [0, 1.75, 0]},
			"faces": {
				"north": {"uv": [4, 4, 5.25, 7], "texture": "#0"},
				"east": {"uv": [4, 4, 7.75, 7], "texture": "#0"},
				"south": {"uv": [4, 4, 5.25, 7], "texture": "#0"},
				"west": {"uv": [4, 4, 7.75, 7], "texture": "#0"},
				"up": {"uv": [4, 4, 5.25, 7.75], "texture": "#0"},
				"down": {"uv": [4, 4, 5.25, 7.75], "texture": "#0"}
			}
		},
		{
			"from": [4.5, 2.25, 2],
			"to": [4.75, 3.5, 4],
			"rotation": {"angle": 0, "axis": "y", "origin": [0, 1.75, 0]},
			"faces": {
				"north": {"uv": [4, 4, 5.25, 6.25], "texture": "#0"},
				"east": {"uv": [4, 4, 7, 6.25], "texture": "#0"},
				"south": {"uv": [4, 4, 5.25, 6.25], "texture": "#0"},
				"west": {"uv": [4, 4, 7, 6.25], "texture": "#0"},
				"up": {"uv": [4, 4, 5.25, 7], "texture": "#0"},
				"down": {"uv": [4, 4, 5.25, 7], "texture": "#0"}
			}
		},
		{
			"from": [1.25, 3.5, 4.75],
			"to": [4.25, 5.5, 5],
			"rotation": {"angle": 0, "axis": "x", "origin": [0, 1.75, 0]},
			"faces": {
				"north": {"uv": [4, 4, 8, 7], "rotation": 180, "texture": "#0"},
				"east": {"uv": [4, 4, 7, 5.25], "rotation": 270, "texture": "#0"},
				"south": {"uv": [4, 4, 8, 7], "texture": "#0"},
				"west": {"uv": [4, 4, 7, 5.25], "rotation": 90, "texture": "#0"},
				"up": {"uv": [4, 4, 8, 5.25], "rotation": 180, "texture": "#0"},
				"down": {"uv": [4, 4, 8, 5.25], "texture": "#0"}
			}
		},
		{
			"from": [0.75, 1.25, 2.5],
			"to": [1, 2.25, 3.5],
			"rotation": {"angle": 0, "axis": "y", "origin": [0, 1.75, 0]},
			"faces": {
				"north": {"uv": [4, 4, 5.25, 6], "texture": "#0"},
				"east": {"uv": [4, 4, 6, 6], "texture": "#0"},
				"south": {"uv": [4, 4, 5.25, 6], "texture": "#0"},
				"west": {"uv": [4, 4, 6, 6], "texture": "#0"},
				"up": {"uv": [4, 4, 5.25, 6], "texture": "#0"},
				"down": {"uv": [4, 4, 5.25, 6], "texture": "#0"}
			}
		},
		{
			"from": [1, 1, 2.5],
			"to": [1.25, 1.25, 3.5],
			"rotation": {"angle": 0, "axis": "y", "origin": [0, 1.75, 0]},
			"faces": {
				"north": {"uv": [4, 4, 5.25, 5.25], "texture": "#0"},
				"east": {"uv": [4, 4, 6, 5.25], "texture": "#0"},
				"south": {"uv": [4, 4, 5.25, 5.25], "texture": "#0"},
				"west": {"uv": [4, 4, 6, 5.25], "texture": "#0"},
				"up": {"uv": [4, 4, 5.25, 6], "texture": "#0"},
				"down": {"uv": [4, 4, 5.25, 6], "texture": "#0"}
			}
		},
		{
			"from": [1, 1.25, 2.25],
			"to": [1.25, 2.25, 3.75],
			"rotation": {"angle": 0, "axis": "y", "origin": [0, 1.75, 0]},
			"faces": {
				"north": {"uv": [4, 4, 5.25, 6], "texture": "#0"},
				"east": {"uv": [4, 4, 6.5, 6], "texture": "#0"},
				"south": {"uv": [4, 4, 5.25, 6], "texture": "#0"},
				"west": {"uv": [4, 4, 6.5, 6], "texture": "#0"},
				"up": {"uv": [4, 4, 5.25, 6.5], "texture": "#0"},
				"down": {"uv": [4, 4, 5.25, 6.5], "texture": "#0"}
			}
		},
		{
			"from": [4.5, 1.25, 2.5],
			"to": [4.75, 2.25, 3.5],
			"rotation": {"angle": 0, "axis": "y", "origin": [0, 1.75, 0]},
			"faces": {
				"north": {"uv": [4, 4, 5.25, 6], "texture": "#0"},
				"east": {"uv": [4, 4, 6, 6], "texture": "#0"},
				"south": {"uv": [4, 4, 5.25, 6], "texture": "#0"},
				"west": {"uv": [4, 4, 6, 6], "texture": "#0"},
				"up": {"uv": [4, 4, 5.25, 6], "texture": "#0"},
				"down": {"uv": [4, 4, 5.25, 6], "texture": "#0"}
			}
		},
		{
			"from": [1.5, 3, 4.75],
			"to": [4, 3.75, 5],
			"rotation": {"angle": 0, "axis": "y", "origin": [0, 1.75, 0]},
			"faces": {
				"north": {"uv": [4, 4, 7.5, 5.75], "rotation": 180, "texture": "#0"},
				"east": {"uv": [4, 4, 5.75, 5.25], "rotation": 270, "texture": "#0"},
				"south": {"uv": [4, 4, 7.5, 5.75], "texture": "#0"},
				"west": {"uv": [4, 4, 5.75, 5.25], "rotation": 90, "texture": "#0"},
				"up": {"uv": [4, 4, 7.5, 5.25], "rotation": 180, "texture": "#0"},
				"down": {"uv": [4, 4, 7.5, 5.25], "texture": "#0"}
			}
		},
		{
			"from": [0.5, 0, 3],
			"to": [0.75, 0.5, 3.25],
			"rotation": {"angle": 0, "axis": "y", "origin": [0, 1.75, 0]},
			"faces": {
				"north": {"uv": [3, 2, 3.75, 2.64286], "texture": "#0"},
				"east": {"uv": [3, 2, 3.75, 2.64286], "texture": "#0"},
				"south": {"uv": [3, 2, 3.75, 2.64286], "texture": "#0"},
				"west": {"uv": [3, 2, 3.75, 2.64286], "texture": "#0"},
				"up": {"uv": [3, 2, 3.75, 2.32143], "texture": "#0"},
				"down": {"uv": [3, 2, 3.75, 2.32143], "texture": "#0"}
			}
		},
		{
			"from": [0.25, 1.5, 3],
			"to": [0.5, 1.75, 3.25],
			"rotation": {"angle": 0, "axis": "y", "origin": [0, 1.75, 0]},
			"faces": {
				"north": {"uv": [0, 0, 1, 1], "texture": "#4"},
				"east": {"uv": [0, 0, 1, 1], "texture": "#4"},
				"south": {"uv": [0, 0, 1, 1], "texture": "#4"},
				"west": {"uv": [0, 0, 1, 1], "texture": "#4"},
				"up": {"uv": [0, 0, 1, 1], "texture": "#4"},
				"down": {"uv": [0, 0, 1, 1], "texture": "#4"}
			}
		},
		{
			"from": [0.25, 1, 3],
			"to": [0.5, 1.25, 3.25],
			"rotation": {"angle": 0, "axis": "y", "origin": [0, 1.75, 0]},
			"faces": {
				"north": {"uv": [0, 0, 1, 1], "texture": "#4"},
				"east": {"uv": [0, 0, 1, 1], "texture": "#4"},
				"south": {"uv": [0, 0, 1, 1], "texture": "#4"},
				"west": {"uv": [0, 0, 1, 1], "texture": "#4"},
				"up": {"uv": [0, 0, 1, 1], "texture": "#4"},
				"down": {"uv": [0, 0, 1, 1], "texture": "#4"}
			}
		},
		{
			"from": [5, 1.5, 3],
			"to": [5.25, 1.75, 3.25],
			"rotation": {"angle": 0, "axis": "y", "origin": [0, 1.75, 0]},
			"faces": {
				"north": {"uv": [0, 0, 1, 1], "texture": "#4"},
				"east": {"uv": [0, 0, 1, 1], "texture": "#4"},
				"south": {"uv": [0, 0, 1, 1], "texture": "#4"},
				"west": {"uv": [0, 0, 1, 1], "texture": "#4"},
				"up": {"uv": [0, 0, 1, 1], "texture": "#4"},
				"down": {"uv": [0, 0, 1, 1], "texture": "#4"}
			}
		},
		{
			"from": [5, 1, 3],
			"to": [5.25, 1.25, 3.25],
			"rotation": {"angle": 0, "axis": "y", "origin": [0, 1.75, 0]},
			"faces": {
				"north": {"uv": [0, 0, 1, 1], "texture": "#4"},
				"east": {"uv": [0, 0, 1, 1], "texture": "#4"},
				"south": {"uv": [0, 0, 1, 1], "texture": "#4"},
				"west": {"uv": [0, 0, 1, 1], "texture": "#4"},
				"up": {"uv": [0, 0, 1, 1], "texture": "#4"},
				"down": {"uv": [0, 0, 1, 1], "texture": "#4"}
			}
		},
		{
			"from": [0.25, 3, 2.5],
			"to": [0.75, 3.5, 3.5],
			"rotation": {"angle": 0, "axis": "y", "origin": [0, 1.75, 0]},
			"faces": {
				"north": {"uv": [0, 0, 1, 1], "texture": "#4"},
				"east": {"uv": [0, 0, 3, 1], "texture": "#4"},
				"south": {"uv": [0, 0, 1, 1], "texture": "#4"},
				"west": {"uv": [0, 0, 3, 1], "texture": "#4"},
				"up": {"uv": [0, 0, 1, 3], "texture": "#4"},
				"down": {"uv": [0, 0, 1, 3], "texture": "#4"}
			}
		},
		{
			"from": [4.75, 3, 2.5],
			"to": [5.25, 3.5, 3.5],
			"rotation": {"angle": 0, "axis": "y", "origin": [0, 1.75, 0]},
			"faces": {
				"north": {"uv": [0, 0, 1, 1], "texture": "#4"},
				"east": {"uv": [0, 0, 3, 1], "texture": "#4"},
				"south": {"uv": [0, 0, 1, 1], "texture": "#4"},
				"west": {"uv": [0, 0, 3, 1], "texture": "#4"},
				"up": {"uv": [0, 0, 1, 3], "texture": "#4"},
				"down": {"uv": [0, 0, 1, 3], "texture": "#4"}
			}
		},
		{
			"from": [4.75, 0.5, 2.75],
			"to": [5, 4, 3.25],
			"rotation": {"angle": 0, "axis": "y", "origin": [0, 1.75, 0]},
			"faces": {
				"north": {"uv": [3, 2, 3.75, 6.5], "texture": "#0"},
				"east": {"uv": [3, 2, 4.5, 6.5], "texture": "#0"},
				"south": {"uv": [3, 2, 3.75, 6.5], "texture": "#0"},
				"west": {"uv": [3, 2, 4.5, 6.5], "texture": "#0"},
				"up": {"uv": [3, 2, 3.75, 2.64286], "texture": "#0"},
				"down": {"uv": [3, 2, 3.75, 2.64286], "texture": "#0"}
			}
		},
		{
			"from": [4.75, 0, 3],
			"to": [5, 0.5, 3.25],
			"rotation": {"angle": 0, "axis": "y", "origin": [0, 1.75, 0]},
			"faces": {
				"north": {"uv": [3, 2, 3.75, 2.64286], "texture": "#0"},
				"east": {"uv": [3, 2, 3.75, 2.64286], "texture": "#0"},
				"south": {"uv": [3, 2, 3.75, 2.64286], "texture": "#0"},
				"west": {"uv": [3, 2, 3.75, 2.64286], "texture": "#0"},
				"up": {"uv": [3, 2, 3.75, 2.32143], "texture": "#0"},
				"down": {"uv": [3, 2, 3.75, 2.32143], "texture": "#0"}
			}
		},
		{
			"from": [0.5, 0.5, 2.75],
			"to": [0.75, 4, 3.25],
			"rotation": {"angle": 0, "axis": "y", "origin": [0, 1.75, 0]},
			"faces": {
				"north": {"uv": [3, 2, 3.75, 6.5], "texture": "#0"},
				"east": {"uv": [3, 2, 4.5, 6.5], "texture": "#0"},
				"south": {"uv": [3, 2, 3.75, 6.5], "texture": "#0"},
				"west": {"uv": [3, 2, 4.5, 6.5], "texture": "#0"},
				"up": {"uv": [3, 2, 3.75, 2.64286], "texture": "#0"},
				"down": {"uv": [3, 2, 3.75, 2.64286], "texture": "#0"}
			}
		},
		{
			"from": [1, 5, -1.25],
			"to": [2.5, 6, -1],
			"rotation": {"angle": 22.5, "axis": "x", "origin": [0, 0.25, 0]},
			"faces": {
				"north": {"uv": [6, 6, 8.5, 8], "texture": "#2"},
				"east": {"uv": [6, 6, 7.25, 8], "texture": "#2"},
				"south": {"uv": [6, 6, 8.5, 8], "texture": "#2"},
				"west": {"uv": [6, 6, 7.25, 8], "texture": "#2"},
				"up": {"uv": [6, 6, 8.5, 7.25], "texture": "#2"},
				"down": {"uv": [6, 6, 8.5, 7.25], "texture": "#2"}
			}
		},
		{
			"from": [3, 5, -1.25],
			"to": [4.5, 6, -1],
			"rotation": {"angle": 22.5, "axis": "x", "origin": [0, 0.25, 0]},
			"faces": {
				"north": {"uv": [6, 6, 8.5, 8], "texture": "#2"},
				"east": {"uv": [6, 6, 7.25, 8], "texture": "#2"},
				"south": {"uv": [6, 6, 8.5, 8], "texture": "#2"},
				"west": {"uv": [6, 6, 7.25, 8], "texture": "#2"},
				"up": {"uv": [6, 6, 8.5, 7.25], "texture": "#2"},
				"down": {"uv": [6, 6, 8.5, 7.25], "texture": "#2"}
			}
		},
		{
			"from": [2.5, 5.5, -1.25],
			"to": [3, 6, -1],
			"rotation": {"angle": 22.5, "axis": "x", "origin": [0, 0.25, 0]},
			"faces": {
				"north": {"uv": [4, 3, 8, 7], "texture": "#4"},
				"east": {"uv": [4, 3, 7, 7], "texture": "#4"},
				"south": {"uv": [4, 3, 8, 7], "texture": "#4"},
				"west": {"uv": [4, 3, 7, 7], "texture": "#4"},
				"up": {"uv": [4, 3, 8, 6], "texture": "#4"},
				"down": {"uv": [4, 3, 8, 6], "texture": "#4"}
			}
		},
		{
			"from": [0.75, 6, -1],
			"to": [4.75, 6.25, -0.5],
			"rotation": {"angle": 22.5, "axis": "x", "origin": [0, 0.25, 0]},
			"faces": {
				"north": {"uv": [4, 3, 9, 6.25], "texture": "#3"},
				"east": {"uv": [4, 3, 5.5, 6.25], "texture": "#3"},
				"south": {"uv": [4, 3, 9, 6.25], "texture": "#3"},
				"west": {"uv": [4, 3, 5.5, 6.25], "texture": "#3"},
				"up": {"uv": [4, 3, 9, 6.5], "texture": "#3"},
				"down": {"uv": [4, 3, 9, 6.5], "texture": "#3"}
			}
		},
		{
			"from": [0.75, 4.75, -1],
			"to": [4.75, 5, -0.5],
			"rotation": {"angle": 22.5, "axis": "x", "origin": [0, 0.25, 0]},
			"faces": {
				"north": {"uv": [4, 3, 9, 6.25], "texture": "#3"},
				"east": {"uv": [4, 3, 5.5, 6.25], "texture": "#3"},
				"south": {"uv": [4, 3, 9, 6.25], "texture": "#3"},
				"west": {"uv": [4, 3, 5.5, 6.25], "texture": "#3"},
				"up": {"uv": [4, 3, 9, 6.5], "texture": "#3"},
				"down": {"uv": [4, 3, 9, 6.5], "texture": "#3"}
			}
		},
		{
			"from": [4.5, 5, -1],
			"to": [4.75, 6, -0.5],
			"rotation": {"angle": 22.5, "axis": "x", "origin": [0, 0.25, 0]},
			"faces": {
				"north": {"uv": [4, 3, 5.25, 7], "texture": "#3"},
				"east": {"uv": [4, 3, 5.5, 7], "texture": "#3"},
				"south": {"uv": [4, 3, 5.25, 7], "texture": "#3"},
				"west": {"uv": [4, 3, 5.5, 7], "texture": "#3"},
				"up": {"uv": [4, 3, 5.25, 6.5], "texture": "#3"},
				"down": {"uv": [4, 3, 5.25, 6.5], "texture": "#3"}
			}
		},
		{
			"from": [0.75, 5, -1],
			"to": [1, 6, -0.5],
			"rotation": {"angle": 22.5, "axis": "x", "origin": [0, 0.25, 0]},
			"faces": {
				"north": {"uv": [4, 3, 5.25, 7], "texture": "#3"},
				"east": {"uv": [4, 3, 5.5, 7], "texture": "#3"},
				"south": {"uv": [4, 3, 5.25, 7], "texture": "#3"},
				"west": {"uv": [4, 3, 5.5, 7], "texture": "#3"},
				"up": {"uv": [4, 3, 5.25, 6.5], "texture": "#3"},
				"down": {"uv": [4, 3, 5.25, 6.5], "texture": "#3"}
			}
		},
		{
			"from": [2.5, 5, -1],
			"to": [3, 6, -0.5],
			"rotation": {"angle": 22.5, "axis": "x", "origin": [0, 0.25, 0]},
			"faces": {
				"north": {"uv": [4, 3, 5.5, 7], "texture": "#3"},
				"east": {"uv": [4, 3, 5.5, 7], "texture": "#3"},
				"south": {"uv": [4, 3, 5.5, 7], "texture": "#3"},
				"west": {"uv": [4, 3, 5.5, 7], "texture": "#3"},
				"up": {"uv": [4, 3, 5.5, 6.5], "texture": "#3"},
				"down": {"uv": [4, 3, 5.5, 6.5], "texture": "#3"}
			}
		},
		{
			"from": [0.5, 5.25, -0.75],
			"to": [0.75, 6, 1.25],
			"rotation": {"angle": 22.5, "axis": "x", "origin": [0, 0.25, 0]},
			"faces": {
				"north": {"uv": [4, 3, 5.25, 6.75], "texture": "#3"},
				"east": {"uv": [4, 3, 7, 6.75], "texture": "#3"},
				"south": {"uv": [4, 3, 5.25, 6.75], "texture": "#3"},
				"west": {"uv": [4, 3, 7, 6.75], "texture": "#3"},
				"up": {"uv": [4, 3, 5.25, 8], "texture": "#3"},
				"down": {"uv": [4, 3, 5.25, 8], "texture": "#3"}
			}
		},
		{
			"from": [4.75, 5.25, -0.75],
			"to": [5, 6, 1.25],
			"rotation": {"angle": 22.5, "axis": "x", "origin": [0, 0.25, 0]},
			"faces": {
				"north": {"uv": [4, 3, 5.25, 6.75], "texture": "#3"},
				"east": {"uv": [4, 3, 7, 6.75], "texture": "#3"},
				"south": {"uv": [4, 3, 5.25, 6.75], "texture": "#3"},
				"west": {"uv": [4, 3, 7, 6.75], "texture": "#3"},
				"up": {"uv": [4, 3, 5.25, 8], "texture": "#3"},
				"down": {"uv": [4, 3, 5.25, 8], "texture": "#3"}
			}
		}
	],
	"display": {
		"thirdperson_righthand": {
			"rotation": [6.75, 38.39, -19.18],
			"translation": [15.25, 4, -1],
			"scale": [2, 2, 2]
		},
		"thirdperson_lefthand": {
			"rotation": [6.93, 38.84, -19.49],
			"translation": [0.75, 9.25, 12.75],
			"scale": [2, 2, 2]
		},
		"firstperson_righthand": {
			"rotation": [39, 34, 0],
			"translation": [25, 4.75, 3],
			"scale": [3, 3, 3]
		},
		"firstperson_lefthand": {
			"rotation": [49, 58, 0],
			"translation": [9, -11, 15],
			"scale": [3, 3, 3]
		},
		"ground": {
			"translation": [10, 12, 11],
			"scale": [2, 2, 2]
		},
		"gui": {
			"rotation": [-163.5, 43.25, 180],
			"translation": [-0.75, 17.75, 0],
			"scale": [2.6, 2.6, 2.6]
		},
		"head": {
			"translation": [21, 16.5, 19.5],
			"scale": [4, 4, 4]
		},
		"fixed": {
			"translation": [21, 20, 13],
			"scale": [4, 4, 4]
		}
	},
	"groups": [
		{
			"name": "leather",
			"origin": [0, 1.5, 0],
			"color": 0,
			"children": [0, 1, 2, 3, 4, 5, 6, 7, 8, 9, 10, 11, 12, 13, 14, 15, 16, 17, 18, 19, 20, 21, 22]
		},
		{
			"name": "straps",
			"origin": [0, 1.5, 0],
			"color": 0,
			"children": [23, 24, 25, 26, 27, 28, 29, 30, 31, 32]
		},
		{
			"name": "goggles",
			"origin": [0, 0, 0],
			"color": 0,
			"children": [33, 34, 35, 36, 37, 38, 39, 40, 41, 42]
		}
	]
}