{
	"credit": "Made with Blockbench",
	"textures": {
		"0": "block/bell_bottom",
		"1": "block/bell_side",
		"2": "block/bell_top",
		"particle": "block/bell_bottom"
	},
	"elements": [
		{
			"from": [3.25, 8, 3.25],
			"to": [4.75, 9, 4.75],
			"faces": {
				"north": {"uv": [5, 1, 6, 2], "texture": "#2"},
				"east": {"uv": [5, 1, 6, 2], "texture": "#2"},
				"south": {"uv": [5, 1, 6, 2], "texture": "#2"},
				"west": {"uv": [5, 1, 6, 2], "texture": "#2"},
				"up": {"uv": [3, 3, 5, 5], "texture": "#2"},
				"down": {"uv": [3, 3, 5, 5], "texture": "#2"}
			}
		},
		{
			"from": [0, 0, 0],
			"to": [8, 2, 8],
			"faces": {
				"north": {"uv": [0, 7, 8, 9], "texture": "#1"},
				"east": {"uv": [0, 7, 8, 9], "texture": "#1"},
				"south": {"uv": [0, 7, 8, 9], "texture": "#1"},
				"west": {"uv": [0, 7, 8, 9], "texture": "#1"},
				"up": {"uv": [0, 0, 8, 8], "texture": "#0"},
				"down": {"uv": [0, 0, 8, 8], "texture": "#0"}
			}
		},
		{
			"from": [1, 2, 1],
			"to": [7, 8, 7],
			"faces": {
				"north": {"uv": [1, 0, 7, 6], "texture": "#1"},
				"east": {"uv": [1, 0, 7, 6], "texture": "#1"},
				"south": {"uv": [1, 0, 7, 6], "texture": "#1"},
				"west": {"uv": [1, 0, 7, 6], "texture": "#1"},
				"up": {"uv": [0, 0, 8, 8], "texture": "#2"},
				"down": {"uv": [0, 0, 8, 8], "texture": "#2"}
			}
		}
	],
	"gui_light": "front",
	"display": {
		"thirdperson_righthand": {
			"translation": [3.5, 5, 2.25]
		},
		"thirdperson_lefthand": {
			"translation": [-4, 4.5, 1.75]
		},
		"firstperson_righthand": {
			"rotation": [26.01, -2.26, 3],
			"translation": [7.5, 3, 2]
		},
		"firstperson_lefthand": {
			"rotation": [20.25, 0, 0],
			"translation": [0, 3.5, 1.75]
		},
		"ground": {
			"translation": [3.75, 4.75, 4.5]
		},
		"gui": {
			"rotation": [14.25, -25.5, 0],
			"translation": [2, 3, 0]
		},
		"head": {
			"translation": [10, 17.75, 10],
			"scale": [2.5, 2.5, 2.5]
		},
		"fixed": {
			"translation": [4, 3, 3.75]
		}
	}
}