{
	"credit": "Made with Blockbench",
	"textures": {
		"0": "block/black_concrete",
		"1": "block/black_shulker_box",
		"particle": "block/black_concrete"
	},
	"elements": [
		{
			"from": [2.5, 1.25, 1.25],
			"to": [4.5, 1.75, 1.75],
			"rotation": {"angle": 0, "axis": "y", "origin": [-4.5, -1.5, -4.5]},
			"faces": {
				"north": {"uv": [5, 4, 6, 5], "texture": "#1"},
				"east": {"uv": [5, 4, 4, 5], "texture": "#1"},
				"south": {"uv": [5, 4, 6, 5], "texture": "#1"},
				"west": {"uv": [5, 4, 4, 5], "texture": "#1"},
				"up": {"uv": [5, 4, 6, 5], "texture": "#1"},
				"down": {"uv": [5, 4, 6, 5], "texture": "#1"}
			}
		},
		{
			"from": [4.75, 1.25, 2],
			"to": [6.25, 1.75, 2.5],
			"rotation": {"angle": -45, "axis": "y", "origin": [5.5, 1.5, 1.375]},
			"faces": {
				"north": {"uv": [5, 4, 5, 5], "texture": "#1"},
				"east": {"uv": [5, 4, 4, 5], "texture": "#1"},
				"south": {"uv": [5, 4, 5, 5], "texture": "#1"},
				"west": {"uv": [5, 4, 4, 5], "texture": "#1"},
				"up": {"uv": [5, 4, 5, 5], "texture": "#1"},
				"down": {"uv": [5, 4, 5, 5], "texture": "#1"}
			}
		},
		{
			"from": [4.75, 1.25, 5.9],
			"to": [6.25, 1.75, 6.4],
			"rotation": {"angle": -45, "axis": "y", "origin": [5.5, 1.5, 1.375]},
			"faces": {
				"north": {"uv": [5, 4, 5, 5], "texture": "#1"},
				"east": {"uv": [5, 4, 4, 5], "texture": "#1"},
				"south": {"uv": [5, 4, 5, 5], "texture": "#1"},
				"west": {"uv": [5, 4, 4, 5], "texture": "#1"},
				"up": {"uv": [5, 4, 5, 5], "texture": "#1"},
				"down": {"uv": [5, 4, 5, 5], "texture": "#1"}
			}
		},
		{
			"from": [5.6, 1.25, 5.75],
			"to": [7.1, 1.75, 6.25],
			"rotation": {"angle": 45, "axis": "y", "origin": [4.17417, 1.5, 7.12024]},
			"faces": {
				"north": {"uv": [5, 4, 5, 5], "texture": "#1"},
				"east": {"uv": [5, 4, 4, 5], "texture": "#1"},
				"south": {"uv": [5, 4, 5, 5], "texture": "#1"},
				"west": {"uv": [5, 4, 4, 5], "texture": "#1"},
				"up": {"uv": [5, 4, 5, 5], "texture": "#1"},
				"down": {"uv": [5, 4, 5, 5], "texture": "#1"}
			}
		},
		{
			"from": [5.6, 1.25, 1.75],
			"to": [7.1, 1.75, 2.25],
			"rotation": {"angle": 45, "axis": "y", "origin": [4.17417, 1.5, 7.12024]},
			"faces": {
				"north": {"uv": [5, 4, 5, 5], "texture": "#1"},
				"east": {"uv": [5, 4, 4, 5], "texture": "#1"},
				"south": {"uv": [5, 4, 5, 5], "texture": "#1"},
				"west": {"uv": [5, 4, 4, 5], "texture": "#1"},
				"up": {"uv": [5, 4, 5, 5], "texture": "#1"},
				"down": {"uv": [5, 4, 5, 5], "texture": "#1"}
			}
		},
		{
			"from": [2.5, 1.25, 5],
			"to": [4.5, 1.75, 5.5],
			"rotation": {"angle": 0, "axis": "y", "origin": [-4.5, -1.5, -4.5]},
			"faces": {
				"north": {"uv": [5, 4, 6, 5], "texture": "#1"},
				"east": {"uv": [5, 4, 4, 5], "texture": "#1"},
				"south": {"uv": [5, 4, 6, 5], "texture": "#1"},
				"west": {"uv": [5, 4, 4, 5], "texture": "#1"},
				"up": {"uv": [5, 4, 6, 5], "texture": "#1"},
				"down": {"uv": [5, 4, 6, 5], "texture": "#1"}
			}
		},
		{
			"from": [1.375, 1.25, 2.375],
			"to": [1.875, 1.75, 4.375],
			"rotation": {"angle": 0, "axis": "y", "origin": [0.25, 1.5, 3.375]},
			"faces": {
				"north": {"uv": [5, 4, 4, 5], "texture": "#1"},
				"east": {"uv": [5, 4, 6, 5], "texture": "#1"},
				"south": {"uv": [5, 4, 4, 5], "texture": "#1"},
				"west": {"uv": [5, 4, 6, 5], "texture": "#1"},
				"up": {"uv": [5, 4, 6, 5], "rotation": 90, "texture": "#1"},
				"down": {"uv": [5, 4, 6, 5], "rotation": 270, "texture": "#1"}
			}
		},
		{
			"from": [5.125, 1.25, 2.375],
			"to": [5.625, 1.75, 4.375],
			"rotation": {"angle": 0, "axis": "y", "origin": [0.25, 1.5, 3.375]},
			"faces": {
				"north": {"uv": [5, 4, 4, 5], "texture": "#1"},
				"east": {"uv": [5, 4, 6, 5], "texture": "#1"},
				"south": {"uv": [5, 4, 4, 5], "texture": "#1"},
				"west": {"uv": [5, 4, 6, 5], "texture": "#1"},
				"up": {"uv": [5, 4, 6, 5], "rotation": 90, "texture": "#1"},
				"down": {"uv": [5, 4, 6, 5], "rotation": 270, "texture": "#1"}
			}
		},
		{
			"from": [0.75, 1, 2.125],
			"to": [1.5, 1.25, 4.625],
			"rotation": {"angle": 0, "axis": "y", "origin": [-1, 0.5, -1.25]},
			"faces": {
				"north": {"uv": [1, 1, 4.95, 3.75], "texture": "#0"},
				"east": {"uv": [1, 1, 6.7, 3.75], "texture": "#0"},
				"south": {"uv": [1, 1, 4.95, 3.75], "texture": "#0"},
				"west": {"uv": [1, 1, 6.7, 3.75], "texture": "#0"},
				"up": {"uv": [1, 1, 4.95, 6], "texture": "#0"},
				"down": {"uv": [1, 1, 4.95, 6], "texture": "#0"}
			}
		},
		{
			"from": [-0.625, 2, 1.875],
			"to": [-0.125, 2.25, 4.875],
			"rotation": {"angle": -45, "axis": "z", "origin": [-1, 0.5, -1.25]},
			"faces": {
				"north": {"uv": [1, 1, 4.7, 3.75], "texture": "#0"},
				"east": {"uv": [1, 1, 7.2, 3.75], "texture": "#0"},
				"south": {"uv": [1, 1, 4.7, 3.75], "texture": "#0"},
				"west": {"uv": [1, 1, 7.2, 3.75], "texture": "#0"},
				"up": {"uv": [1, 1, 4.7, 6.5], "texture": "#0"},
				"down": {"uv": [1, 1, 4.7, 6.5], "texture": "#0"}
			}
		},
		{
			"from": [4.375, -4.25, 1.875],
			"to": [4.875, -4, 4.875],
			"rotation": {"angle": 45, "axis": "z", "origin": [-1, 0.5, -1.25]},
			"faces": {
				"north": {"uv": [1, 1, 4.7, 3.75], "texture": "#0"},
				"east": {"uv": [1, 1, 7.2, 3.75], "texture": "#0"},
				"south": {"uv": [1, 1, 4.7, 3.75], "texture": "#0"},
				"west": {"uv": [1, 1, 7.2, 3.75], "texture": "#0"},
				"up": {"uv": [1, 1, 4.7, 6.5], "texture": "#0"},
				"down": {"uv": [1, 1, 4.7, 6.5], "texture": "#0"}
			}
		},
		{
			"from": [1, 1, 3.875],
			"to": [2, 1.25, 6.125],
			"rotation": {"angle": 45, "axis": "y", "origin": [-1, 0.5, -1.25]},
			"faces": {
				"north": {"uv": [1, 1, 5.2, 3.75], "texture": "#0"},
				"east": {"uv": [1, 1, 6.45, 3.75], "texture": "#0"},
				"south": {"uv": [1, 1, 5.2, 3.75], "texture": "#0"},
				"west": {"uv": [1, 1, 6.45, 3.75], "texture": "#0"},
				"up": {"uv": [1, 1, 5.2, 5.75], "texture": "#0"},
				"down": {"uv": [1, 1, 5.2, 5.75], "texture": "#0"}
			}
		},
		{
			"from": [-4.25, 1, 4.25],
			"to": [-3.25, 1.25, 6.5],
			"rotation": {"angle": 45, "axis": "y", "origin": [-1, 0.5, -1.25]},
			"faces": {
				"north": {"uv": [1, 1, 5.2, 3.75], "texture": "#0"},
				"east": {"uv": [1, 1, 6.45, 3.75], "texture": "#0"},
				"south": {"uv": [1, 1, 5.2, 3.75], "texture": "#0"},
				"west": {"uv": [1, 1, 6.45, 3.75], "texture": "#0"},
				"up": {"uv": [1, 1, 5.2, 5.75], "texture": "#0"},
				"down": {"uv": [1, 1, 5.2, 5.75], "texture": "#0"}
			}
		},
		{
			"from": [5.5, 1, 2.125],
			"to": [6.25, 1.25, 4.625],
			"rotation": {"angle": 0, "axis": "y", "origin": [-1, 0.5, -1.25]},
			"faces": {
				"north": {"uv": [1, 1, 4.95, 3.75], "texture": "#0"},
				"east": {"uv": [1, 1, 6.7, 3.75], "texture": "#0"},
				"south": {"uv": [1, 1, 4.95, 3.75], "texture": "#0"},
				"west": {"uv": [1, 1, 6.7, 3.75], "texture": "#0"},
				"up": {"uv": [1, 1, 4.95, 6], "texture": "#0"},
				"down": {"uv": [1, 1, 4.95, 6], "texture": "#0"}
			}
		},
		{
			"from": [2.25, 1, 5.5],
			"to": [4.75, 1.25, 6.5],
			"rotation": {"angle": 0, "axis": "y", "origin": [-1, 0.5, -1.25]},
			"faces": {
				"north": {"uv": [1, 1, 6.7, 3.75], "texture": "#0"},
				"east": {"uv": [1, 1, 5.2, 3.75], "texture": "#0"},
				"south": {"uv": [1, 1, 6.7, 3.75], "texture": "#0"},
				"west": {"uv": [1, 1, 5.2, 3.75], "texture": "#0"},
				"up": {"uv": [1, 1, 5.2, 6], "rotation": 270, "texture": "#0"},
				"down": {"uv": [1, 1, 5.2, 6], "rotation": 90, "texture": "#0"}
			}
		},
		{
			"from": [2.25, 1, 0.25],
			"to": [4.75, 1.25, 1.25],
			"rotation": {"angle": 0, "axis": "y", "origin": [-1, 0.5, -1.25]},
			"faces": {
				"north": {"uv": [1, 1, 6.7, 3.75], "texture": "#0"},
				"east": {"uv": [1, 1, 5.2, 3.75], "texture": "#0"},
				"south": {"uv": [1, 1, 6.7, 3.75], "texture": "#0"},
				"west": {"uv": [1, 1, 5.2, 3.75], "texture": "#0"},
				"up": {"uv": [1, 1, 5.2, 6], "rotation": 270, "texture": "#0"},
				"down": {"uv": [1, 1, 5.2, 6], "rotation": 90, "texture": "#0"}
			}
		},
		{
			"from": [-2.1, 1, 2.125],
			"to": [0.15, 1.25, 3.125],
			"rotation": {"angle": 45, "axis": "y", "origin": [-1, 0.5, -1.25]},
			"faces": {
				"north": {"uv": [1, 1, 6.45, 3.75], "texture": "#0"},
				"east": {"uv": [1, 1, 5.2, 3.75], "texture": "#0"},
				"south": {"uv": [1, 1, 6.45, 3.75], "texture": "#0"},
				"west": {"uv": [1, 1, 5.2, 3.75], "texture": "#0"},
				"up": {"uv": [1, 1, 5.2, 5.75], "rotation": 270, "texture": "#0"},
				"down": {"uv": [1, 1, 5.2, 5.75], "rotation": 90, "texture": "#0"}
			}
		},
		{
			"from": [-2.375, 1, 7.25],
			"to": [-0.125, 1.25, 8.25],
			"rotation": {"angle": 45, "axis": "y", "origin": [-1, 0.5, -1.25]},
			"faces": {
				"north": {"uv": [1, 1, 6.45, 3.75], "texture": "#0"},
				"east": {"uv": [1, 1, 5.2, 3.75], "texture": "#0"},
				"south": {"uv": [1, 1, 6.45, 3.75], "texture": "#0"},
				"west": {"uv": [1, 1, 5.2, 3.75], "texture": "#0"},
				"up": {"uv": [1, 1, 5.2, 5.75], "rotation": 270, "texture": "#0"},
				"down": {"uv": [1, 1, 5.2, 5.75], "rotation": 90, "texture": "#0"}
			}
		},
		{
			"from": [2.5, 4, 3.15],
			"to": [4.5, 4.25, 5.15],
			"rotation": {"angle": 45, "axis": "x", "origin": [3.5, 2.875, 3.4]},
			"faces": {
				"north": {"uv": [1, 1, 5, 3], "texture": "#0"},
				"east": {"uv": [1, 1, 5, 3], "texture": "#0"},
				"south": {"uv": [1, 1, 5, 3], "texture": "#0"},
				"west": {"uv": [1, 1, 5, 3], "texture": "#0"},
				"up": {"uv": [1, 1, 5, 4.75], "texture": "#0"},
				"down": {"uv": [1, 1, 5, 4.75], "texture": "#0"}
			}
		},
		{
			"from": [3.25, 4, 2.4],
			"to": [5.25, 4.25, 4.4],
			"rotation": {"angle": -45, "axis": "z", "origin": [3.5, 2.875, 3.4]},
			"faces": {
				"north": {"uv": [1, 1, 5, 3], "texture": "#0"},
				"east": {"uv": [1, 1, 5, 3], "texture": "#0"},
				"south": {"uv": [1, 1, 5, 3], "texture": "#0"},
				"west": {"uv": [1, 1, 5, 3], "texture": "#0"},
				"up": {"uv": [1, 1, 5, 4.75], "texture": "#0"},
				"down": {"uv": [1, 1, 5, 4.75], "texture": "#0"}
			}
		},
		{
			"from": [1.75, 4, 2.4],
			"to": [3.75, 4.25, 4.4],
			"rotation": {"angle": 45, "axis": "z", "origin": [3.5, 2.875, 3.4]},
			"faces": {
				"north": {"uv": [1, 1, 5, 3], "texture": "#0"},
				"east": {"uv": [1, 1, 5, 3], "texture": "#0"},
				"south": {"uv": [1, 1, 5, 3], "texture": "#0"},
				"west": {"uv": [1, 1, 5, 3], "texture": "#0"},
				"up": {"uv": [1, 1, 5, 4.75], "texture": "#0"},
				"down": {"uv": [1, 1, 5, 4.75], "texture": "#0"}
			}
		},
		{
			"from": [2.5, 1.625, 5.275],
			"to": [4.5, 2.625, 5.525],
			"rotation": {"angle": 0, "axis": "y", "origin": [3.5, 2.875, 3.4]},
			"faces": {
				"north": {"uv": [1, 1, 5, 4.25], "rotation": 180, "texture": "#0"},
				"east": {"uv": [1, 1, 4.5, 3], "rotation": 90, "texture": "#0"},
				"south": {"uv": [1, 1, 5, 4.25], "texture": "#0"},
				"west": {"uv": [1, 1, 4.5, 3], "rotation": 270, "texture": "#0"},
				"up": {"uv": [1, 1, 5, 3], "texture": "#0"},
				"down": {"uv": [1, 1, 5, 3], "rotation": 180, "texture": "#0"}
			}
		},
		{
			"from": [3.25, 3.125, 1.75],
			"to": [3.75, 3.5, 2],
			"rotation": {"angle": 45, "axis": "y", "origin": [3.5, 2.875, 3.4]},
			"faces": {
				"north": {"uv": [1, 1, 4.5, 4.5], "texture": "#0"},
				"east": {"uv": [1, 1, 4.75, 3], "rotation": 270, "texture": "#0"},
				"south": {"uv": [1, 1, 4.5, 4.5], "rotation": 180, "texture": "#0"},
				"west": {"uv": [1, 1, 4.75, 3], "rotation": 90, "texture": "#0"},
				"up": {"uv": [1, 1, 4.5, 3], "rotation": 180, "texture": "#0"},
				"down": {"uv": [1, 1, 4.5, 3], "texture": "#0"}
			}
		},
		{
			"from": [3, 2.875, 5.025],
			"to": [4, 3.125, 5.275],
			"rotation": {"angle": -45, "axis": "y", "origin": [3.5, 2.875, 3.4]},
			"faces": {
				"north": {"uv": [1, 1, 4.5, 4.5], "rotation": 180, "texture": "#0"},
				"east": {"uv": [1, 1, 4.75, 3], "rotation": 90, "texture": "#0"},
				"south": {"uv": [1, 1, 4.5, 4.5], "texture": "#0"},
				"west": {"uv": [1, 1, 4.75, 3], "rotation": 270, "texture": "#0"},
				"up": {"uv": [1, 1, 4.5, 3], "texture": "#0"},
				"down": {"uv": [1, 1, 4.5, 3], "rotation": 180, "texture": "#0"}
			}
		},
		{
			"from": [3.25, 3.125, 4.8],
			"to": [3.75, 3.5, 5.05],
			"rotation": {"angle": -45, "axis": "y", "origin": [3.5, 2.875, 3.4]},
			"faces": {
				"north": {"uv": [1, 1, 4.5, 4.5], "rotation": 180, "texture": "#0"},
				"east": {"uv": [1, 1, 4.75, 3], "rotation": 90, "texture": "#0"},
				"south": {"uv": [1, 1, 4.5, 4.5], "texture": "#0"},
				"west": {"uv": [1, 1, 4.75, 3], "rotation": 270, "texture": "#0"},
				"up": {"uv": [1, 1, 4.5, 3], "texture": "#0"},
				"down": {"uv": [1, 1, 4.5, 3], "rotation": 180, "texture": "#0"}
			}
		},
		{
			"from": [5.125, 2.875, 2.9],
			"to": [5.375, 3.125, 3.9],
			"rotation": {"angle": -45, "axis": "y", "origin": [3.5, 2.875, 3.4]},
			"faces": {
				"north": {"uv": [1, 1, 4.75, 3], "rotation": 90, "texture": "#0"},
				"east": {"uv": [1, 1, 4.5, 4.5], "texture": "#0"},
				"south": {"uv": [1, 1, 4.75, 3], "rotation": 270, "texture": "#0"},
				"west": {"uv": [1, 1, 4.5, 4.5], "rotation": 180, "texture": "#0"},
				"up": {"uv": [1, 1, 4.5, 3], "rotation": 270, "texture": "#0"},
				"down": {"uv": [1, 1, 4.5, 3], "rotation": 270, "texture": "#0"}
			}
		},
		{
			"from": [3, 2.875, 1.525],
			"to": [4, 3.125, 1.775],
			"rotation": {"angle": -45, "axis": "y", "origin": [3.5, 2.875, 3.4]},
			"faces": {
				"north": {"uv": [1, 1, 4.5, 4.5], "texture": "#0"},
				"east": {"uv": [1, 1, 4.75, 3], "rotation": 270, "texture": "#0"},
				"south": {"uv": [1, 1, 4.5, 4.5], "rotation": 180, "texture": "#0"},
				"west": {"uv": [1, 1, 4.75, 3], "rotation": 90, "texture": "#0"},
				"up": {"uv": [1, 1, 4.5, 3], "rotation": 180, "texture": "#0"},
				"down": {"uv": [1, 1, 4.5, 3], "texture": "#0"}
			}
		},
		{
			"from": [4.9, 3.125, 3.15],
			"to": [5.15, 3.5, 3.65],
			"rotation": {"angle": -45, "axis": "y", "origin": [3.5, 2.875, 3.4]},
			"faces": {
				"north": {"uv": [1, 1, 4.75, 3], "rotation": 90, "texture": "#0"},
				"east": {"uv": [1, 1, 4.5, 4.5], "texture": "#0"},
				"south": {"uv": [1, 1, 4.75, 3], "rotation": 270, "texture": "#0"},
				"west": {"uv": [1, 1, 4.5, 4.5], "rotation": 180, "texture": "#0"},
				"up": {"uv": [1, 1, 4.5, 3], "rotation": 270, "texture": "#0"},
				"down": {"uv": [1, 1, 4.5, 3], "rotation": 270, "texture": "#0"}
			}
		},
		{
			"from": [3.25, 3.125, 1.75],
			"to": [3.75, 3.5, 2],
			"rotation": {"angle": -45, "axis": "y", "origin": [3.5, 2.875, 3.4]},
			"faces": {
				"north": {"uv": [1, 1, 4.5, 4.5], "texture": "#0"},
				"east": {"uv": [1, 1, 4.75, 3], "rotation": 270, "texture": "#0"},
				"south": {"uv": [1, 1, 4.5, 4.5], "rotation": 180, "texture": "#0"},
				"west": {"uv": [1, 1, 4.75, 3], "rotation": 90, "texture": "#0"},
				"up": {"uv": [1, 1, 4.5, 3], "rotation": 180, "texture": "#0"},
				"down": {"uv": [1, 1, 4.5, 3], "texture": "#0"}
			}
		},
		{
			"from": [3, 2.875, 1.525],
			"to": [4, 3.125, 1.775],
			"rotation": {"angle": 45, "axis": "y", "origin": [3.5, 2.875, 3.4]},
			"faces": {
				"north": {"uv": [1, 1, 4.5, 4.5], "texture": "#0"},
				"east": {"uv": [1, 1, 4.75, 3], "rotation": 270, "texture": "#0"},
				"south": {"uv": [1, 1, 4.5, 4.5], "rotation": 180, "texture": "#0"},
				"west": {"uv": [1, 1, 4.75, 3], "rotation": 90, "texture": "#0"},
				"up": {"uv": [1, 1, 4.5, 3], "rotation": 180, "texture": "#0"},
				"down": {"uv": [1, 1, 4.5, 3], "texture": "#0"}
			}
		},
		{
			"from": [2.75, 1.625, 1.275],
			"to": [4.25, 2.875, 1.525],
			"rotation": {"angle": 45, "axis": "y", "origin": [3.5, 2.875, 3.4]},
			"faces": {
				"north": {"uv": [1, 1, 4.5, 4.5], "texture": "#0"},
				"east": {"uv": [1, 1, 4.75, 3], "rotation": 270, "texture": "#0"},
				"south": {"uv": [1, 1, 4.5, 4.5], "rotation": 180, "texture": "#0"},
				"west": {"uv": [1, 1, 4.75, 3], "rotation": 90, "texture": "#0"},
				"up": {"uv": [1, 1, 4.5, 3], "rotation": 180, "texture": "#0"},
				"down": {"uv": [1, 1, 4.5, 3], "texture": "#0"}
			}
		},
		{
			"from": [2.75, 1.625, 5.275],
			"to": [4.25, 2.875, 5.525],
			"rotation": {"angle": 45, "axis": "y", "origin": [3.5, 2.875, 3.4]},
			"faces": {
				"north": {"uv": [1, 1, 4.5, 4.5], "texture": "#0"},
				"east": {"uv": [1, 1, 4.75, 3], "rotation": 270, "texture": "#0"},
				"south": {"uv": [1, 1, 4.5, 4.5], "rotation": 180, "texture": "#0"},
				"west": {"uv": [1, 1, 4.75, 3], "rotation": 90, "texture": "#0"},
				"up": {"uv": [1, 1, 4.5, 3], "rotation": 180, "texture": "#0"},
				"down": {"uv": [1, 1, 4.5, 3], "texture": "#0"}
			}
		},
		{
			"from": [1.375, 1.625, 2.65],
			"to": [1.625, 2.875, 4.15],
			"rotation": {"angle": 45, "axis": "y", "origin": [3.5, 2.875, 3.4]},
			"faces": {
				"north": {"uv": [1, 1, 4.75, 3], "rotation": 90, "texture": "#0"},
				"east": {"uv": [1, 1, 4.5, 4.5], "texture": "#0"},
				"south": {"uv": [1, 1, 4.75, 3], "rotation": 270, "texture": "#0"},
				"west": {"uv": [1, 1, 4.5, 4.5], "rotation": 180, "texture": "#0"},
				"up": {"uv": [1, 1, 4.5, 3], "rotation": 270, "texture": "#0"},
				"down": {"uv": [1, 1, 4.5, 3], "rotation": 270, "texture": "#0"}
			}
		},
		{
			"from": [5.375, 1.625, 2.65],
			"to": [5.625, 2.875, 4.15],
			"rotation": {"angle": 45, "axis": "y", "origin": [3.5, 2.875, 3.4]},
			"faces": {
				"north": {"uv": [1, 1, 4.75, 3], "rotation": 90, "texture": "#0"},
				"east": {"uv": [1, 1, 4.5, 4.5], "texture": "#0"},
				"south": {"uv": [1, 1, 4.75, 3], "rotation": 270, "texture": "#0"},
				"west": {"uv": [1, 1, 4.5, 4.5], "rotation": 180, "texture": "#0"},
				"up": {"uv": [1, 1, 4.5, 3], "rotation": 270, "texture": "#0"},
				"down": {"uv": [1, 1, 4.5, 3], "rotation": 270, "texture": "#0"}
			}
		},
		{
			"from": [5.375, 1.625, 2.4],
			"to": [5.625, 2.625, 4.4],
			"rotation": {"angle": 0, "axis": "y", "origin": [3.5, 2.875, 3.4]},
			"faces": {
				"north": {"uv": [1, 1, 4.5, 3], "rotation": 90, "texture": "#0"},
				"east": {"uv": [1, 1, 5, 4.25], "texture": "#0"},
				"south": {"uv": [1, 1, 4.5, 3], "rotation": 270, "texture": "#0"},
				"west": {"uv": [1, 1, 5, 4.25], "rotation": 180, "texture": "#0"},
				"up": {"uv": [1, 1, 5, 3], "rotation": 270, "texture": "#0"},
				"down": {"uv": [1, 1, 5, 3], "rotation": 270, "texture": "#0"}
			}
		},
		{
			"from": [1.375, 1.625, 2.4],
			"to": [1.625, 2.625, 4.4],
			"rotation": {"angle": 0, "axis": "y", "origin": [3.5, 2.875, 3.4]},
			"faces": {
				"north": {"uv": [1, 1, 4.5, 3], "rotation": 90, "texture": "#0"},
				"east": {"uv": [1, 1, 5, 4.25], "texture": "#0"},
				"south": {"uv": [1, 1, 4.5, 3], "rotation": 270, "texture": "#0"},
				"west": {"uv": [1, 1, 5, 4.25], "rotation": 180, "texture": "#0"},
				"up": {"uv": [1, 1, 5, 3], "rotation": 270, "texture": "#0"},
				"down": {"uv": [1, 1, 5, 3], "rotation": 270, "texture": "#0"}
			}
		},
		{
			"from": [2.5, 1.625, 1.275],
			"to": [4.5, 2.625, 1.525],
			"rotation": {"angle": 0, "axis": "x", "origin": [3.5, 2.875, 3.4]},
			"faces": {
				"north": {"uv": [1, 1, 5, 4.25], "rotation": 180, "texture": "#0"},
				"east": {"uv": [1, 1, 4.5, 3], "rotation": 90, "texture": "#0"},
				"south": {"uv": [1, 1, 5, 4.25], "texture": "#0"},
				"west": {"uv": [1, 1, 4.5, 3], "rotation": 270, "texture": "#0"},
				"up": {"uv": [1, 1, 5, 3], "texture": "#0"},
				"down": {"uv": [1, 1, 5, 3], "rotation": 180, "texture": "#0"}
			}
		},
		{
			"from": [2.5, 4, 1.65],
			"to": [4.5, 4.25, 3.65],
			"rotation": {"angle": -45, "axis": "x", "origin": [3.5, 2.875, 3.4]},
			"faces": {
				"north": {"uv": [1, 1, 5, 3], "texture": "#0"},
				"east": {"uv": [1, 1, 5, 3], "texture": "#0"},
				"south": {"uv": [1, 1, 5, 3], "texture": "#0"},
				"west": {"uv": [1, 1, 5, 3], "texture": "#0"},
				"up": {"uv": [1, 1, 5, 4.75], "texture": "#0"},
				"down": {"uv": [1, 1, 5, 4.75], "texture": "#0"}
			}
		},
		{
			"from": [2.75, 3.75, 2.65],
			"to": [4.25, 4, 4.15],
			"rotation": {"angle": 0, "axis": "y", "origin": [-4.5, -2, -4.6]},
			"faces": {
				"north": {"uv": [1, 1, 4.5, 3], "texture": "#0"},
				"east": {"uv": [1, 1, 4.5, 3], "texture": "#0"},
				"south": {"uv": [1, 1, 4.5, 3], "texture": "#0"},
				"west": {"uv": [1, 1, 4.5, 3], "texture": "#0"},
				"up": {"uv": [1, 1, 4.5, 4.25], "texture": "#0"},
				"down": {"uv": [1, 1, 4.5, 4.25], "texture": "#0"}
			}
		}
	],
	"gui_light": "front",
	"display": {
		"thirdperson_righthand": {
			"translation": [4.5, 6.5, 2.25]
		},
		"thirdperson_lefthand": {
			"translation": [-4.5, 6.5, 2]
		},
		"firstperson_righthand": {
			"translation": [13, 12, 2],
			"scale": [2, 2, 2]
		},
		"firstperson_lefthand": {
			"translation": [-2.5, 11, 0.5],
			"scale": [2, 2, 2]
		},
		"ground": {
			"translation": [4.5, 3.75, 4.5]
		},
		"gui": {
			"rotation": [29.21, -43.57, 3.82],
			"translation": [-0.5, 6.5, 0],
			"scale": [2.5, 2.5, 2.5]
		},
		"head": {
			"translation": [6.875, 16.9, 7],
			"scale": [1.5, 1.5, 1.5]
		},
		"fixed": {
			"rotation": [-45.5, 0, 0],
			"translation": [9.25, 16.75, -7.75],
			"scale": [2, 2, 2]
		}
	},
	"groups": [
		{
			"name": "band",
			"origin": [8, 4.875, 8],
			"color": 0,
			"children": [0, 1, 2, 3, 4, 5, 6, 7]
		},
		{
			"name": "rim",
			"origin": [8, 8, 8],
			"color": 7,
			"children": [8, 9, 10, 11, 12, 13, 14, 15, 16, 17]
		},
		{
			"name": "top",
			"origin": [-4.5, -2, -4.6],
			"color": 0,
			"children": [18, 19, 20, 21, 22, 23, 24, 25, 26, 27, 28, 29, 30, 31, 32, 33, 34, 35, 36, 37, 38]
		}
	]
}