{
	"credit": "Made with Blockbench",
	"textures": {
		"1": "block/red_stained_glass",
		"2": "block/blue_stained_glass",
		"3": "block/gray_concrete",
		"particle": "block/white_concrete"
	},
	"elements": [
		{
			"from": [3, 5, 6],
			"to": [4, 7, 12],
			"faces": {
				"north": {"uv": [1, 1, 2, 3], "texture": "#3"},
				"east": {"uv": [1, 1, 7, 3], "texture": "#3"},
				"south": {"uv": [1, 1, 2, 3], "texture": "#3"},
				"west": {"uv": [1, 1, 7, 3], "texture": "#3"},
				"up": {"uv": [1, 1, 2, 7], "texture": "#3"},
				"down": {"uv": [1, 1, 2, 7], "texture": "#3"}
			}
		},
		{
			"from": [4, 6, 4],
			"to": [11, 7, 5],
			"faces": {
				"north": {"uv": [1, 1, 8, 2], "texture": "#3"},
				"east": {"uv": [1, 1, 2, 2], "texture": "#3"},
				"south": {"uv": [1, 1, 8, 2], "texture": "#3"},
				"west": {"uv": [1, 1, 2, 2], "texture": "#3"},
				"up": {"uv": [1, 1, 8, 2], "texture": "#3"},
				"down": {"uv": [1, 1, 8, 2], "texture": "#3"}
			}
		},
		{
			"from": [6.5, 5, 4],
			"to": [8.5, 6, 5],
			"faces": {
				"north": {"uv": [1, 1, 3, 2], "texture": "#3"},
				"east": {"uv": [1, 1, 1, 1], "texture": "#3"},
				"south": {"uv": [1, 1, 3, 2], "texture": "#3"},
				"west": {"uv": [1, 1, 1, 1], "texture": "#3"},
				"up": {"uv": [1, 1, 3, 2], "texture": "#3"},
				"down": {"uv": [1, 1, 3, 2], "texture": "#3"}
			}
		},
		{
			"from": [8.5, 3.5, 4],
			"to": [12, 6, 5],
			"faces": {
				"north": {"uv": [0, 0, 3.5, 2], "texture": "#2"},
				"east": {"uv": [0, 0, 1, 2], "texture": "#2"},
				"west": {"uv": [0, 0, 1, 2], "texture": "#2"},
				"up": {"uv": [0, 0, 3.5, 1], "texture": "#2"},
				"down": {"uv": [0, 0, 3.5, 1], "texture": "#2"}
			}
		},
		{
			"from": [3, 3.5, 4],
			"to": [6.5, 6, 5],
			"faces": {
				"north": {"uv": [12.5, 0, 16, 2], "texture": "#1"},
				"east": {"uv": [12.5, 0, 13.5, 2], "texture": "#1"},
				"west": {"uv": [12.5, 0, 13.5, 2], "texture": "#1"},
				"up": {"uv": [12.5, 0, 16, 1], "texture": "#1"},
				"down": {"uv": [12.5, 0, 16, 1], "texture": "#1"}
			}
		},
		{
			"from": [11, 5, 6],
			"to": [12, 7, 12],
			"faces": {
				"north": {"uv": [1, 1, 2, 3], "texture": "#3"},
				"east": {"uv": [1, 1, 7, 3], "texture": "#3"},
				"south": {"uv": [1, 1, 2, 3], "texture": "#3"},
				"west": {"uv": [1, 1, 7, 3], "texture": "#3"},
				"up": {"uv": [1, 1, 2, 7], "texture": "#3"},
				"down": {"uv": [1, 1, 2, 7], "texture": "#3"}
			}
		},
		{
			"from": [11, 6, 4],
			"to": [12, 7, 6],
			"faces": {
				"north": {"uv": [1, 1, 2, 2], "texture": "#3"},
				"east": {"uv": [1, 1, 3, 2], "texture": "#3"},
				"south": {"uv": [1, 1, 2, 2], "texture": "#3"},
				"west": {"uv": [1, 1, 3, 2], "texture": "#3"},
				"up": {"uv": [1, 1, 2, 3], "texture": "#3"},
				"down": {"uv": [1, 1, 2, 3], "texture": "#3"}
			}
		},
		{
			"from": [3, 6, 4],
			"to": [4, 7, 6],
			"faces": {
				"north": {"uv": [1, 1, 2, 2], "texture": "#3"},
				"east": {"uv": [1, 1, 3, 2], "texture": "#3"},
				"south": {"uv": [1, 1, 2, 2], "texture": "#3"},
				"west": {"uv": [1, 1, 3, 2], "texture": "#3"},
				"up": {"uv": [1, 1, 2, 3], "texture": "#3"},
				"down": {"uv": [1, 1, 2, 3], "texture": "#3"}
			}
		},
		{
			"from": [11, 4, 12],
			"to": [12, 6, 14],
			"faces": {
				"north": {"uv": [1, 1, 2, 3], "texture": "#3"},
				"east": {"uv": [1, 1, 3, 3], "texture": "#3"},
				"south": {"uv": [1, 1, 2, 3], "texture": "#3"},
				"west": {"uv": [1, 1, 3, 3], "texture": "#3"},
				"up": {"uv": [1, 1, 2, 3], "texture": "#3"},
				"down": {"uv": [1, 1, 2, 3], "texture": "#3"}
			}
		},
		{
			"from": [3, 4, 12],
			"to": [4, 6, 14],
			"faces": {
				"north": {"uv": [1, 1, 2, 3], "texture": "#3"},
				"east": {"uv": [1, 1, 3, 3], "texture": "#3"},
				"south": {"uv": [1, 1, 2, 3], "texture": "#3"},
				"west": {"uv": [1, 1, 3, 3], "texture": "#3"},
				"up": {"uv": [1, 1, 2, 3], "texture": "#3"},
				"down": {"uv": [1, 1, 2, 3], "texture": "#3"}
			}
		}
	],
	"display": {
		"gui": {
			"rotation": [26, -149, -5],
			"translation": [-0.25, 1.75, 0]
		},
		"head": {
			"translation": [0.75, 3.75, -1.75],
			"scale": [1.58, 1.58, 1.58]
		}
	}
}