{
	"credit": "Made with Blockbench",
	"textures": {
		"0": "block/brown_terracotta",
		"particle": "block/brown_terracotta"
	},
	"elements": [
		{
			"from": [4.7, 6.3, 6.15],
			"to": [10.1, 9, 8.85],
			"rotation": {"angle": 0, "axis": "y", "origin": [-9.6, -1.2, -0.4]},
			"faces": {
				"north": {"uv": [2, 2, 14, 8], "texture": "#0"},
				"east": {"uv": [8, 7, 13, 12], "texture": "#0"},
				"south": {"uv": [3, 2, 14, 8], "texture": "#0"},
				"west": {"uv": [8, 7, 13, 12], "texture": "#0"},
				"up": {"uv": [3, 2, 14, 8], "texture": "#0"},
				"down": {"uv": [3, 2, 14, 8], "texture": "#0"}
			}
		},
		{
			"from": [5.6, 8.1, 7.05],
			"to": [9.2, 9.9, 7.95],
			"rotation": {"angle": 0, "axis": "y", "origin": [-9.6, -1.2, -0.4]},
			"faces": {
				"north": {"uv": [3, 2, 10, 7], "texture": "#0"},
				"east": {"uv": [7, 3, 9, 6], "texture": "#0"},
				"south": {"uv": [4, 2, 10, 7], "texture": "#0"},
				"west": {"uv": [7, 3, 9, 6], "texture": "#0"},
				"up": {"uv": [3, 1, 12, 2], "texture": "#0"},
				"down": {"uv": [3, 1, 12, 2], "texture": "#0"}
			}
		},
		{
			"from": [5.6, 0, 7.05],
			"to": [9.2, 1.8, 7.95],
			"rotation": {"angle": 0, "axis": "y", "origin": [-9.6, -1.2, -0.4]},
			"faces": {
				"north": {"uv": [4, 8, 11, 13], "texture": "#0"},
				"east": {"uv": [10, 10, 12, 13], "texture": "#0"},
				"south": {"uv": [5, 8, 11, 13], "texture": "#0"},
				"west": {"uv": [10, 10, 12, 13], "texture": "#0"},
				"up": {"uv": [4, 0, 10, 1], "texture": "#0"},
				"down": {"uv": [7, 15, 13, 16], "texture": "#0"}
			}
		},
		{
			"from": [2.9, 2.7, 7.05],
			"to": [4.7, 7.2, 7.95],
			"rotation": {"angle": 0, "axis": "y", "origin": [-12.3, -1.2, 2.3]},
			"faces": {
				"north": {"uv": [4, 8, 13, 10], "rotation": 90, "texture": "#0"},
				"east": {"uv": [5, 8, 13, 10], "rotation": 90, "texture": "#0"},
				"south": {"uv": [5, 8, 13, 10], "rotation": 90, "texture": "#0"},
				"west": {"uv": [5, 8, 13, 10], "rotation": 90, "texture": "#0"},
				"up": {"uv": [2, 1, 3, 2], "rotation": 90, "texture": "#0"},
				"down": {"uv": [2, 1, 3, 2], "rotation": 90, "texture": "#0"}
			}
		},
		{
			"from": [10.1, 2.7, 7.05],
			"to": [11.9, 7.2, 7.95],
			"rotation": {"angle": 0, "axis": "y", "origin": [-12.3, -1.2, 2.3]},
			"faces": {
				"north": {"uv": [4, 8, 13, 10], "rotation": 90, "texture": "#0"},
				"east": {"uv": [5, 8, 13, 10], "rotation": 90, "texture": "#0"},
				"south": {"uv": [5, 8, 13, 10], "rotation": 90, "texture": "#0"},
				"west": {"uv": [5, 8, 13, 10], "rotation": 90, "texture": "#0"},
				"up": {"uv": [2, 1, 3, 2], "rotation": 90, "texture": "#0"},
				"down": {"uv": [2, 1, 3, 2], "rotation": 90, "texture": "#0"}
			}
		},
		{
			"from": [4.7, 0.9, 6.15],
			"to": [10.1, 3.6, 8.85],
			"rotation": {"angle": 0, "axis": "y", "origin": [-9.6, -1.2, -0.4]},
			"faces": {
				"north": {"uv": [2, 2, 14, 8], "texture": "#0"},
				"east": {"uv": [8, 7, 13, 12], "texture": "#0"},
				"south": {"uv": [3, 2, 14, 8], "texture": "#0"},
				"west": {"uv": [8, 7, 13, 12], "texture": "#0"},
				"up": {"uv": [3, 8, 14, 14], "texture": "#0"},
				"down": {"uv": [3, 8, 14, 14], "texture": "#0"}
			}
		},
		{
			"from": [8.75, 2.25, 6.15],
			"to": [11.45, 7.65, 8.85],
			"rotation": {"angle": 0, "axis": "y", "origin": [1.2, 0.15, 0.05]},
			"faces": {
				"north": {"uv": [2, 2, 13, 9], "rotation": 90, "texture": "#0"},
				"east": {"uv": [3, 2, 13, 9], "rotation": 90, "texture": "#0"},
				"south": {"uv": [3, 2, 13, 9], "rotation": 90, "texture": "#0"},
				"west": {"uv": [3, 2, 13, 9], "rotation": 90, "texture": "#0"},
				"up": {"uv": [6, 2, 11, 7], "rotation": 270, "texture": "#0"},
				"down": {"uv": [6, 2, 11, 7], "rotation": 270, "texture": "#0"}
			}
		},
		{
			"from": [3.35, 2.25, 6.15],
			"to": [6.05, 7.65, 8.85],
			"rotation": {"angle": 0, "axis": "y", "origin": [1.2, 0.15, 0.05]},
			"faces": {
				"north": {"uv": [2, 2, 13, 9], "rotation": 90, "texture": "#0"},
				"east": {"uv": [3, 2, 13, 9], "rotation": 90, "texture": "#0"},
				"south": {"uv": [3, 2, 13, 9], "rotation": 90, "texture": "#0"},
				"west": {"uv": [3, 2, 13, 9], "rotation": 90, "texture": "#0"},
				"up": {"uv": [6, 2, 11, 7], "rotation": 270, "texture": "#0"},
				"down": {"uv": [6, 2, 11, 7], "rotation": 270, "texture": "#0"}
			}
		},
		{
			"from": [3.8, 5.85, 7.05],
			"to": [6.5, 8.55, 7.95],
			"rotation": {"angle": 0, "axis": "y", "origin": [1.2, 0.15, 0.05]},
			"faces": {
				"north": {"uv": [3, 2, 10, 7], "texture": "#0"},
				"east": {"uv": [4, 2, 10, 7], "texture": "#0"},
				"south": {"uv": [4, 2, 10, 7], "texture": "#0"},
				"west": {"uv": [4, 2, 10, 7], "texture": "#0"},
				"up": {"uv": [3, 1, 12, 2], "texture": "#0"},
				"down": {"uv": [3, 1, 12, 2], "texture": "#0"}
			}
		},
		{
			"from": [8.3, 5.85, 7.05],
			"to": [11, 8.55, 7.95],
			"rotation": {"angle": 0, "axis": "y", "origin": [1.2, 0.15, 0.05]},
			"faces": {
				"north": {"uv": [3, 2, 10, 7], "texture": "#0"},
				"east": {"uv": [4, 2, 10, 7], "texture": "#0"},
				"south": {"uv": [4, 2, 10, 7], "texture": "#0"},
				"west": {"uv": [4, 2, 10, 7], "texture": "#0"},
				"up": {"uv": [3, 1, 12, 2], "texture": "#0"},
				"down": {"uv": [3, 1, 12, 2], "texture": "#0"}
			}
		},
		{
			"from": [8.3, 1.35, 7.05],
			"to": [11, 4.05, 7.95],
			"rotation": {"angle": 0, "axis": "y", "origin": [1.2, 0.15, 0.05]},
			"faces": {
				"north": {"uv": [3, 2, 10, 7], "texture": "#0"},
				"east": {"uv": [4, 2, 10, 7], "texture": "#0"},
				"south": {"uv": [4, 2, 10, 7], "texture": "#0"},
				"west": {"uv": [4, 2, 10, 7], "texture": "#0"},
				"up": {"uv": [3, 1, 12, 2], "texture": "#0"},
				"down": {"uv": [3, 1, 12, 2], "texture": "#0"}
			}
		},
		{
			"from": [3.8, 1.35, 7.05],
			"to": [6.5, 4.05, 7.95],
			"rotation": {"angle": 0, "axis": "y", "origin": [1.2, 0.15, 0.05]},
			"faces": {
				"north": {"uv": [3, 2, 10, 7], "texture": "#0"},
				"east": {"uv": [4, 2, 10, 7], "texture": "#0"},
				"south": {"uv": [4, 2, 10, 7], "texture": "#0"},
				"west": {"uv": [4, 2, 10, 7], "texture": "#0"},
				"up": {"uv": [3, 1, 12, 2], "texture": "#0"},
				"down": {"uv": [3, 1, 12, 2], "texture": "#0"}
			}
		}
	],
	"display": {
		"thirdperson_righthand": {
			"rotation": [68.25, 0, 0],
			"translation": [0.75, 2.25, 4.25]
		},
		"thirdperson_lefthand": {
			"rotation": [68.25, 0, 0],
			"translation": [-0.5, 2.25, 4.25]
		},
		"firstperson_righthand": {
			"translation": [0, 5, 0]
		},
		"firstperson_lefthand": {
			"translation": [0, 5, 0]
		},
		"ground": {
			"translation": [0.5, 3, 0]
		},
		"gui": {
			"rotation": [-30.83, -22.49, -12.87],
			"translation": [0.75, 3, 0]
		},
		"head": {
			"rotation": [88.75, -0.25, 0],
			"translation": [1.25, 10, 5.75],
			"scale": [2, 2, 2]
		},
		"fixed": {
			"translation": [0.5, 2.75, 0]
		}
	},
	"groups": [
		{
			"name": "base",
			"origin": [1.2, 0.15, 0.05],
			"color": 0,
			"children": [0, 1, 2, 3, 4, 5, 6, 7]
		},
		{
			"name": "corners",
			"origin": [1.2, 0.15, 0.05],
			"color": 0,
			"children": [8, 9, 10, 11]
		}
	]
}