{
	"credit": "Made with Blockbench",
	"textures": {
		"1": "block/yellow_concrete",
		"particle": "block/yellow_concrete"
	},
	"elements": [
		{
			"from": [1.275, 1.5, 2.125],
			"to": [1.775, 1.75, 5.375],
			"rotation": {"angle": 0, "axis": "y", "origin": [-1, 1, -1.25]},
			"faces": {
				"north": {"uv": [1, 14, 2, 15], "texture": "#1"},
				"east": {"uv": [1, 14, 13, 15], "texture": "#1"},
				"south": {"uv": [1, 14, 2, 15], "texture": "#1"},
				"west": {"uv": [1, 14, 13, 15], "texture": "#1"},
				"up": {"uv": [2, 1, 12, 2], "texture": "#1"},
				"down": {"uv": [2, 1, 12, 2], "texture": "#1"}
			}
		},
		{
			"from": [1.25, 1.75, 2.625],
			"to": [1.5, 2, 3.375],
			"rotation": {"angle": 0, "axis": "y", "origin": [-1, 1, -1.25]},
			"faces": {
				"north": {"uv": [1, 14, 2, 15], "texture": "#1"},
				"east": {"uv": [1, 14, 13, 15], "texture": "#1"},
				"south": {"uv": [1, 14, 2, 15], "texture": "#1"},
				"west": {"uv": [1, 14, 13, 15], "texture": "#1"},
				"up": {"uv": [2, 1, 12, 2], "texture": "#1"},
				"down": {"uv": [2, 1, 12, 2], "texture": "#1"}
			}
		},
		{
			"from": [1.25, 1.75, 3.875],
			"to": [1.5, 2, 4.625],
			"rotation": {"angle": 0, "axis": "y", "origin": [-1, 1, -1.25]},
			"faces": {
				"north": {"uv": [1, 14, 2, 15], "texture": "#1"},
				"east": {"uv": [1, 14, 13, 15], "texture": "#1"},
				"south": {"uv": [1, 14, 2, 15], "texture": "#1"},
				"west": {"uv": [1, 14, 13, 15], "texture": "#1"},
				"up": {"uv": [2, 1, 12, 2], "texture": "#1"},
				"down": {"uv": [2, 1, 12, 2], "texture": "#1"}
			}
		},
		{
			"from": [3, 1.75, 5.9],
			"to": [4, 2, 6.15],
			"rotation": {"angle": 0, "axis": "y", "origin": [-1, 1, -1.25]},
			"faces": {
				"north": {"uv": [1, 14, 2, 15], "texture": "#1"},
				"east": {"uv": [1, 14, 13, 15], "texture": "#1"},
				"south": {"uv": [1, 14, 2, 15], "texture": "#1"},
				"west": {"uv": [1, 14, 13, 15], "texture": "#1"},
				"up": {"uv": [2, 1, 12, 2], "texture": "#1"},
				"down": {"uv": [2, 1, 12, 2], "texture": "#1"}
			}
		},
		{
			"from": [0.75, 1.5, 3.875],
			"to": [1.375, 1.75, 5.85],
			"rotation": {"angle": 45, "axis": "y", "origin": [-1, 1, -1.25]},
			"faces": {
				"north": {"uv": [7, 13, 15, 14], "texture": "#1"},
				"east": {"uv": [8, 13, 10, 14], "texture": "#1"},
				"south": {"uv": [7, 13, 15, 14], "texture": "#1"},
				"west": {"uv": [8, 13, 10, 14], "texture": "#1"},
				"up": {"uv": [3, 4, 5, 9], "rotation": 180, "texture": "#1"},
				"down": {"uv": [3, 4, 5, 9], "rotation": 180, "texture": "#1"}
			}
		},
		{
			"from": [5.175, 1.5, 2.125],
			"to": [5.675, 1.75, 5.375],
			"rotation": {"angle": 0, "axis": "y", "origin": [-1, 1, -1.25]},
			"faces": {
				"north": {"uv": [1, 14, 2, 15], "texture": "#1"},
				"east": {"uv": [1, 14, 13, 15], "texture": "#1"},
				"south": {"uv": [1, 14, 2, 15], "texture": "#1"},
				"west": {"uv": [1, 14, 13, 15], "texture": "#1"},
				"up": {"uv": [2, 1, 12, 2], "texture": "#1"},
				"down": {"uv": [2, 1, 12, 2], "texture": "#1"}
			}
		},
		{
			"from": [1.55, 1.5, 5.375],
			"to": [5.45, 1.75, 6.125],
			"rotation": {"angle": 0, "axis": "y", "origin": [-1, 1, -1.25]},
			"faces": {
				"north": {"uv": [0, 14, 14, 15], "texture": "#1"},
				"east": {"uv": [5, 13, 11, 14], "texture": "#1"},
				"south": {"uv": [0, 14, 14, 15], "texture": "#1"},
				"west": {"uv": [5, 13, 11, 14], "texture": "#1"},
				"up": {"uv": [5, 12.1, 5.5, 16], "rotation": 270, "texture": "#1"},
				"down": {"uv": [5, 12.1, 5.5, 16], "rotation": 90, "texture": "#1"}
			}
		},
		{
			"from": [2.5, 0.75, 0.5],
			"to": [4.5, 1, 1.5],
			"rotation": {"angle": -22.5, "axis": "x", "origin": [-1, 1, -1.25]},
			"faces": {
				"north": {"uv": [5, 13, 13, 14], "texture": "#1"},
				"east": {"uv": [7, 13, 9, 14], "texture": "#1"},
				"south": {"uv": [5, 13, 13, 14], "texture": "#1"},
				"west": {"uv": [7, 13, 9, 14], "texture": "#1"},
				"up": {"uv": [12, 8, 14, 14], "rotation": 270, "texture": "#1"},
				"down": {"uv": [12, 8, 14, 14], "rotation": 270, "texture": "#1"}
			}
		},
		{
			"from": [2, 0.75, 1],
			"to": [5, 1, 1.5],
			"rotation": {"angle": -22.5, "axis": "x", "origin": [-1, 1, -1.25]},
			"faces": {
				"north": {"uv": [5, 13, 13, 14], "texture": "#1"},
				"east": {"uv": [7, 13, 9, 14], "texture": "#1"},
				"south": {"uv": [5, 13, 13, 14], "texture": "#1"},
				"west": {"uv": [7, 13, 9, 14], "texture": "#1"},
				"up": {"uv": [12, 8, 14, 14], "rotation": 270, "texture": "#1"},
				"down": {"uv": [12, 8, 14, 14], "rotation": 270, "texture": "#1"}
			}
		},
		{
			"from": [-1.775, 1.5, 2.7],
			"to": [0.15, 1.75, 3.375],
			"rotation": {"angle": 45, "axis": "y", "origin": [-1, 1, -1.25]},
			"faces": {
				"north": {"uv": [7, 13, 15, 14], "texture": "#1"},
				"east": {"uv": [8, 13, 10, 14], "texture": "#1"},
				"south": {"uv": [7, 13, 15, 14], "texture": "#1"},
				"west": {"uv": [8, 13, 10, 14], "texture": "#1"},
				"up": {"uv": [3, 2, 6, 9], "rotation": 270, "texture": "#1"},
				"down": {"uv": [3, 4, 5, 9], "rotation": 90, "texture": "#1"}
			}
		},
		{
			"from": [1.75, 1.625, 5.025],
			"to": [5.25, 3.125, 5.775],
			"rotation": {"angle": 0, "axis": "y", "origin": [3.5, 2.875, 3.4]},
			"faces": {
				"north": {"uv": [0, 4, 11, 8], "rotation": 180, "texture": "#1"},
				"east": {"uv": [5, 4, 8.5, 6], "rotation": 90, "texture": "#1"},
				"south": {"uv": [0, 4, 11, 8], "texture": "#1"},
				"west": {"uv": [5, 4, 8.5, 6], "rotation": 270, "texture": "#1"},
				"up": {"uv": [5, 4, 9, 6], "texture": "#1"},
				"down": {"uv": [5, 4, 9, 6], "rotation": 180, "texture": "#1"}
			}
		},
		{
			"from": [2.5, 1.525, 5.775],
			"to": [4.5, 2.375, 6.025],
			"rotation": {"angle": 0, "axis": "y", "origin": [3.5, 2.875, 3.4]},
			"faces": {
				"north": {"uv": [10, 13, 16, 16], "rotation": 180, "texture": "#1"},
				"east": {"uv": [9, 14, 10, 16], "rotation": 90, "texture": "#1"},
				"south": {"uv": [10, 13, 16, 16], "texture": "#1"},
				"west": {"uv": [9, 14, 10, 16], "rotation": 270, "texture": "#1"},
				"up": {"uv": [10, 14, 14, 15], "texture": "#1"},
				"down": {"uv": [10, 14, 14, 15], "rotation": 180, "texture": "#1"}
			}
		},
		{
			"from": [2.75, 3.025, 5.375],
			"to": [4.25, 3.625, 5.625],
			"rotation": {"angle": 0, "axis": "y", "origin": [3.5, 2.875, 3.4]},
			"faces": {
				"north": {"uv": [6, 13, 13, 15], "rotation": 180, "texture": "#1"},
				"east": {"uv": [9, 14, 10, 16], "rotation": 90, "texture": "#1"},
				"south": {"uv": [6, 14, 13, 16], "texture": "#1"},
				"west": {"uv": [9, 14, 10, 16], "rotation": 270, "texture": "#1"},
				"up": {"uv": [10, 14, 14, 15], "texture": "#1"},
				"down": {"uv": [10, 14, 14, 15], "rotation": 180, "texture": "#1"}
			}
		},
		{
			"from": [4.875, 1.625, 1.575],
			"to": [5.375, 2.825, 5.2],
			"rotation": {"angle": 0, "axis": "y", "origin": [3.5, 2.875, 3.4]},
			"faces": {
				"north": {"uv": [9, 10, 16, 12], "rotation": 90, "texture": "#1"},
				"east": {"uv": [1, 6, 12, 10], "texture": "#1"},
				"south": {"uv": [9, 12, 16, 14], "rotation": 90, "texture": "#1"},
				"west": {"uv": [1, 10, 12, 6], "rotation": 180, "texture": "#1"},
				"up": {"uv": [8, 6, 15, 8], "rotation": 270, "texture": "#1"},
				"down": {"uv": [8, 6, 15, 8], "rotation": 270, "texture": "#1"}
			}
		},
		{
			"from": [1.625, 1.625, 1.575],
			"to": [2.125, 2.825, 5.2],
			"rotation": {"angle": 0, "axis": "y", "origin": [3.5, 2.875, 3.4]},
			"faces": {
				"north": {"uv": [9, 12, 16, 10], "rotation": 90, "texture": "#1"},
				"east": {"uv": [1, 10, 12, 6], "texture": "#1"},
				"south": {"uv": [9, 12, 16, 14], "rotation": 90, "texture": "#1"},
				"west": {"uv": [1, 10, 12, 6], "rotation": 180, "texture": "#1"},
				"up": {"uv": [8, 6, 15, 8], "rotation": 270, "texture": "#1"},
				"down": {"uv": [8, 6, 15, 8], "rotation": 270, "texture": "#1"}
			}
		},
		{
			"from": [1.375, 1.625, 2.325],
			"to": [1.625, 2.825, 4.7],
			"rotation": {"angle": 0, "axis": "y", "origin": [3.5, 2.875, 3.4]},
			"faces": {
				"north": {"uv": [9, 12, 16, 10], "rotation": 90, "texture": "#1"},
				"east": {"uv": [1, 10, 12, 6], "texture": "#1"},
				"south": {"uv": [9, 12, 16, 14], "rotation": 90, "texture": "#1"},
				"west": {"uv": [1, 10, 12, 6], "rotation": 180, "texture": "#1"},
				"up": {"uv": [8, 6, 15, 8], "rotation": 270, "texture": "#1"},
				"down": {"uv": [8, 6, 15, 8], "rotation": 270, "texture": "#1"}
			}
		},
		{
			"from": [5.5, 1.75, 3.875],
			"to": [5.75, 2, 4.625],
			"rotation": {"angle": 0, "axis": "y", "origin": [-1, 1, -1.25]},
			"faces": {
				"north": {"uv": [1, 14, 2, 15], "texture": "#1"},
				"east": {"uv": [1, 14, 13, 15], "texture": "#1"},
				"south": {"uv": [1, 14, 2, 15], "texture": "#1"},
				"west": {"uv": [1, 14, 13, 15], "texture": "#1"},
				"up": {"uv": [2, 1, 12, 2], "texture": "#1"},
				"down": {"uv": [2, 1, 12, 2], "texture": "#1"}
			}
		},
		{
			"from": [5.5, 1.75, 2.625],
			"to": [5.75, 2, 3.375],
			"rotation": {"angle": 0, "axis": "y", "origin": [-1, 1, -1.25]},
			"faces": {
				"north": {"uv": [1, 14, 2, 15], "texture": "#1"},
				"east": {"uv": [1, 14, 13, 15], "texture": "#1"},
				"south": {"uv": [1, 14, 2, 15], "texture": "#1"},
				"west": {"uv": [1, 14, 13, 15], "texture": "#1"},
				"up": {"uv": [2, 1, 12, 2], "texture": "#1"},
				"down": {"uv": [2, 1, 12, 2], "texture": "#1"}
			}
		},
		{
			"from": [5.375, 1.625, 2.325],
			"to": [5.625, 2.825, 4.7],
			"rotation": {"angle": 0, "axis": "y", "origin": [3.5, 2.875, 3.4]},
			"faces": {
				"north": {"uv": [9, 12, 16, 10], "rotation": 90, "texture": "#1"},
				"east": {"uv": [1, 10, 12, 6], "texture": "#1"},
				"south": {"uv": [9, 12, 16, 14], "rotation": 90, "texture": "#1"},
				"west": {"uv": [1, 10, 12, 6], "rotation": 180, "texture": "#1"},
				"up": {"uv": [8, 6, 15, 8], "rotation": 270, "texture": "#1"},
				"down": {"uv": [8, 6, 15, 8], "rotation": 270, "texture": "#1"}
			}
		},
		{
			"from": [1.625, 2.75, 2.025],
			"to": [2.125, 3.225, 5.025],
			"rotation": {"angle": 0, "axis": "y", "origin": [3.5, 2.875, 3.4]},
			"faces": {
				"north": {"uv": [8, 6, 10, 7], "rotation": 90, "texture": "#1"},
				"east": {"uv": [5, 6, 11, 7], "texture": "#1"},
				"south": {"uv": [6, 4, 8, 5], "rotation": 270, "texture": "#1"},
				"west": {"uv": [5, 6, 11, 7], "rotation": 180, "texture": "#1"},
				"up": {"uv": [0, 2, 6, 3], "rotation": 270, "texture": "#1"},
				"down": {"uv": [0, 2, 6, 3], "rotation": 270, "texture": "#1"}
			}
		},
		{
			"from": [4.875, 2.825, 2.025],
			"to": [5.375, 3.225, 5.025],
			"rotation": {"angle": 0, "axis": "y", "origin": [3.5, 2.875, 3.4]},
			"faces": {
				"north": {"uv": [8, 6, 10, 7], "rotation": 90, "texture": "#1"},
				"east": {"uv": [5, 6, 11, 7], "texture": "#1"},
				"south": {"uv": [6, 4, 8, 5], "rotation": 270, "texture": "#1"},
				"west": {"uv": [5, 6, 11, 7], "rotation": 180, "texture": "#1"},
				"up": {"uv": [0, 2, 6, 3], "rotation": 270, "texture": "#1"},
				"down": {"uv": [0, 2, 6, 3], "rotation": 270, "texture": "#1"}
			}
		},
		{
			"from": [2, 1.625, 1.275],
			"to": [5, 2.975, 1.9],
			"rotation": {"angle": 0, "axis": "x", "origin": [3.5, 2.875, 3.4]},
			"faces": {
				"north": {"uv": [2, 14, 11, 10], "rotation": 180, "texture": "#1"},
				"east": {"uv": [5, 4, 8.5, 6], "rotation": 90, "texture": "#1"},
				"south": {"uv": [2, 14, 11, 10], "texture": "#1"},
				"west": {"uv": [5, 4, 8.5, 6], "rotation": 270, "texture": "#1"},
				"up": {"uv": [5, 6, 14, 8], "texture": "#1"},
				"down": {"uv": [5, 6, 14, 8], "rotation": 180, "texture": "#1"}
			}
		},
		{
			"from": [2.25, 2.975, 1.375],
			"to": [4.75, 3.475, 2.025],
			"rotation": {"angle": 0, "axis": "y", "origin": [3.5, 2.875, 3.4]},
			"faces": {
				"north": {"uv": [3.1, 6, 12, 8], "rotation": 180, "texture": "#1"},
				"east": {"uv": [11, 10, 13, 12], "rotation": 90, "texture": "#1"},
				"south": {"uv": [3.1, 6, 12, 8], "texture": "#1"},
				"west": {"uv": [11, 10, 13, 12], "rotation": 270, "texture": "#1"},
				"up": {"uv": [6.1, 10, 15, 12], "rotation": 180, "texture": "#1"},
				"down": {"uv": [6.1, 10, 15, 12], "rotation": 180, "texture": "#1"}
			}
		},
		{
			"from": [2, 2.75, 1.9],
			"to": [5, 3.75, 5.4],
			"rotation": {"angle": 0, "axis": "y", "origin": [-4.5, -2, -4.6]},
			"faces": {
				"north": {"uv": [7.5, 6, 16, 9], "texture": "#1"},
				"east": {"uv": [16, 6, 7, 9], "texture": "#1"},
				"south": {"uv": [0, 13, 8.5, 16], "texture": "#1"},
				"west": {"uv": [7, 6, 16, 9], "texture": "#1"},
				"up": {"uv": [0, 1, 8, 10], "texture": "#1"},
				"down": {"uv": [0, 1, 8, 10], "texture": "#1"}
			}
		},
		{
			"from": [3, 4.975, 0.925],
			"to": [4, 5.225, 1.725],
			"rotation": {"angle": -45, "axis": "x", "origin": [3.5, 4.875, 3.4]},
			"faces": {
				"north": {"uv": [5, 4, 9, 6], "texture": "#1"},
				"east": {"uv": [9, 6, 12, 7], "texture": "#1"},
				"south": {"uv": [5, 4, 9, 6], "texture": "#1"},
				"west": {"uv": [9, 6, 12, 7], "texture": "#1"},
				"up": {"uv": [8, 7, 12, 4], "texture": "#1"},
				"down": {"uv": [8, 7, 12, 4], "texture": "#1"}
			}
		},
		{
			"from": [3.25, 5.225, 0.65],
			"to": [3.75, 5.475, 1.85],
			"rotation": {"angle": -45, "axis": "x", "origin": [3.5, 4.875, 3.4]},
			"faces": {
				"north": {"uv": [6, 4, 8, 5], "texture": "#1"},
				"east": {"uv": [13, 6, 9, 7], "texture": "#1"},
				"south": {"uv": [5, 4, 9, 6], "texture": "#1"},
				"west": {"uv": [9, 6, 13, 7], "texture": "#1"},
				"up": {"uv": [13, 12, 15, 8], "texture": "#1"},
				"down": {"uv": [13, 12, 15, 8], "texture": "#1"}
			}
		},
		{
			"from": [3, 3.7, 1.9],
			"to": [4, 3.95, 5.4],
			"rotation": {"angle": 0, "axis": "y", "origin": [-4.5, 0, -4.6]},
			"faces": {
				"north": {"uv": [8, 6, 10.5, 7], "texture": "#1"},
				"east": {"uv": [1, 4, 11, 5], "texture": "#1"},
				"south": {"uv": [3, 8, 5.5, 9], "texture": "#1"},
				"west": {"uv": [1, 4, 11, 5], "texture": "#1"},
				"up": {"uv": [8, 6, 12, 16], "texture": "#1"},
				"down": {"uv": [8, 6, 12, 16], "texture": "#1"}
			}
		},
		{
			"from": [3, 1.7, 1.15],
			"to": [4, 3.45, 1.4],
			"rotation": {"angle": 0, "axis": "y", "origin": [-4.5, 0, -4.6]},
			"faces": {
				"north": {"uv": [8, 6, 10.5, 7], "texture": "#1"},
				"east": {"uv": [1, 4, 11, 5], "texture": "#1"},
				"south": {"uv": [3, 8, 5.5, 9], "texture": "#1"},
				"west": {"uv": [1, 4, 11, 5], "texture": "#1"},
				"up": {"uv": [8, 6, 12, 16], "texture": "#1"},
				"down": {"uv": [8, 6, 12, 16], "texture": "#1"}
			}
		},
		{
			"from": [3.25, 1.7, 1.025],
			"to": [3.75, 3.375, 1.15],
			"rotation": {"angle": 0, "axis": "y", "origin": [-4.5, 0, -4.6]},
			"faces": {
				"north": {"uv": [8, 6, 10.5, 7], "texture": "#1"},
				"east": {"uv": [1, 4, 11, 5], "texture": "#1"},
				"south": {"uv": [3, 8, 5.5, 9], "texture": "#1"},
				"west": {"uv": [1, 4, 11, 5], "texture": "#1"},
				"up": {"uv": [8, 6, 12, 16], "texture": "#1"},
				"down": {"uv": [8, 6, 12, 16], "texture": "#1"}
			}
		},
		{
			"from": [3.25, 3.95, 1.9],
			"to": [3.75, 4.2, 4.9],
			"rotation": {"angle": 0, "axis": "y", "origin": [-4.5, 0, -4.6]},
			"faces": {
				"north": {"uv": [3, 8, 5.5, 9], "texture": "#1"},
				"east": {"uv": [1, 4, 11, 5], "texture": "#1"},
				"south": {"uv": [3, 8, 5.5, 9], "texture": "#1"},
				"west": {"uv": [1, 4, 11, 5], "texture": "#1"},
				"up": {"uv": [10, 6, 12, 16], "texture": "#1"},
				"down": {"uv": [10, 6, 12, 16], "texture": "#1"}
			}
		}
	],
	"display": {
		"thirdperson_righthand": {
			"translation": [9, 10, 4.5],
			"scale": [2, 2, 2]
		},
		"thirdperson_lefthand": {
			"translation": [-9, 10, 4.5],
			"scale": [2, 2, 2]
		},
		"firstperson_righthand": {
			"rotation": [28, 0, 0],
			"translation": [11, 7.25, 10],
			"scale": [2, 2, 2]
		},
		"firstperson_lefthand": {
			"rotation": [27, -2, 13],
			"translation": [-9.25, 4.75, 8],
			"scale": [2, 2, 2]
		},
		"ground": {
			"translation": [9.25, 9.75, 10],
			"scale": [2, 2, 2]
		},
		"gui": {
			"rotation": [-153.75, 43, -176.18],
			"translation": [0, 20.25, 0],
			"scale": [2.5, 2.5, 2.5]
		},
		"head": {
			"translation": [17.5, 27.15, 17],
			"scale": [3.9, 3.9, 3.9]
		},
		"fixed": {
			"translation": [13, 16, 11],
			"scale": [3, 3, 3]
		}
	},
	"groups": [
		{
			"name": "rim",
			"origin": [8, 8, 8],
			"color": 7,
			"children": [0, 1, 2, 3, 4, 5, 6, 7, 8, 9]
		},
		{
			"name": "top",
			"origin": [-4.5, -2, -4.6],
			"color": 0,
			"children": [10, 11, 12, 13, 14, 15, 16, 17, 18, 19, 20, 21, 22, 23]
		},
		{
			"name": "edge",
			"origin": [8, 8, 8],
			"color": 0,
			"children": [24, 25, 26, 27, 28, 29]
		}
	]
}