{
	"credit": "Made with Blockbench",
	"texture_size": [70, 200],
	"textures": {
		"0": "block/black_concrete",
		"1": "block/black_stained_glass",
		"2": "block/gray_concrete",
		"3": "block/red_concrete",
		"4": "block/light_gray_concrete",
		"8": "block/white_concrete",
		"9": "custom/bagelbreakeranimated",
		"10": "block/purple_concrete",
		"particle": "block/black_concrete"
	},
	"elements": [
		{
			"from": [11, 10.25, 1],
			"to": [11.25, 11, 1.75],
			"rotation": {"angle": 0, "axis": "y", "origin": [-8.5, 0, 0]},
			"faces": {
				"north": {"uv": [8, 7, 10.25, 8.75], "texture": "#3"},
				"east": {"uv": [8, 7, 10.75, 8.75], "texture": "#3"},
				"south": {"uv": [8, 7, 10.25, 8.75], "texture": "#3"},
				"west": {"uv": [8, 7, 10.75, 8.75], "texture": "#3"},
				"up": {"uv": [8, 7, 10.25, 8.75], "texture": "#3"},
				"down": {"uv": [8, 7, 10.25, 8.75], "texture": "#3"}
			}
		},
		{
			"from": [10.75, 10.5, 1],
			"to": [11.5, 10.75, 1.75],
			"rotation": {"angle": 0, "axis": "y", "origin": [9.125, 10.625, 1.125]},
			"faces": {
				"north": {"uv": [8, 7, 10.75, 8.25], "texture": "#3"},
				"east": {"uv": [8, 7, 10.75, 8.25], "texture": "#3"},
				"south": {"uv": [8, 7, 10.75, 8.25], "texture": "#3"},
				"west": {"uv": [8, 7, 10.75, 8.25], "texture": "#3"},
				"up": {"uv": [8, 7, 10.75, 8.75], "rotation": 270, "texture": "#3"},
				"down": {"uv": [8, 7, 10.75, 8.75], "rotation": 90, "texture": "#3"}
			}
		},
		{
			"from": [4.75, 9.25, 1.25],
			"to": [5, 10.25, 1.5],
			"rotation": {"angle": 0, "axis": "y", "origin": [-8.5, 0, 0]},
			"faces": {
				"north": {"uv": [4, 3, 5.25, 5], "texture": "#4"},
				"east": {"uv": [4, 3, 5.25, 5], "texture": "#4"},
				"south": {"uv": [4, 3, 5.25, 5], "texture": "#4"},
				"west": {"uv": [4, 3, 5.25, 5], "texture": "#4"},
				"up": {"uv": [4, 3, 5.25, 4.25], "texture": "#4"},
				"down": {"uv": [4, 3, 5.25, 4.25], "texture": "#4"}
			}
		},
		{
			"from": [4.75, 10.25, 1],
			"to": [5, 11, 1.75],
			"rotation": {"angle": 0, "axis": "y", "origin": [-8.5, 0, 0]},
			"faces": {
				"north": {"uv": [8, 7, 10.25, 8.75], "texture": "#3"},
				"east": {"uv": [8, 7, 10.75, 8.75], "texture": "#3"},
				"south": {"uv": [8, 7, 10.25, 8.75], "texture": "#3"},
				"west": {"uv": [8, 7, 10.75, 8.75], "texture": "#3"},
				"up": {"uv": [8, 7, 10.25, 8.75], "texture": "#3"},
				"down": {"uv": [8, 7, 10.25, 8.75], "texture": "#3"}
			}
		},
		{
			"from": [4.5, 10.25, 1.25],
			"to": [5.25, 11, 1.5],
			"rotation": {"angle": 0, "axis": "y", "origin": [9.125, 10.625, 1.125]},
			"faces": {
				"north": {"uv": [8, 7, 10.75, 8.75], "rotation": 90, "texture": "#3"},
				"east": {"uv": [8, 7, 10.25, 8.75], "texture": "#3"},
				"south": {"uv": [8, 7, 10.75, 8.75], "rotation": 270, "texture": "#3"},
				"west": {"uv": [8, 7, 10.25, 8.75], "rotation": 180, "texture": "#3"},
				"up": {"uv": [8, 7, 10.25, 8.75], "rotation": 270, "texture": "#3"},
				"down": {"uv": [8, 7, 10.25, 8.75], "rotation": 270, "texture": "#3"}
			}
		},
		{
			"from": [4.5, 10.5, 1],
			"to": [5.25, 10.75, 1.75],
			"rotation": {"angle": 0, "axis": "y", "origin": [9.125, 10.625, 1.125]},
			"faces": {
				"north": {"uv": [8, 7, 10.75, 8.25], "texture": "#3"},
				"east": {"uv": [8, 7, 10.75, 8.25], "texture": "#3"},
				"south": {"uv": [8, 7, 10.75, 8.25], "texture": "#3"},
				"west": {"uv": [8, 7, 10.75, 8.25], "texture": "#3"},
				"up": {"uv": [8, 7, 10.75, 8.75], "rotation": 270, "texture": "#3"},
				"down": {"uv": [8, 7, 10.75, 8.75], "rotation": 90, "texture": "#3"}
			}
		},
		{
			"from": [10.75, 10.25, 1.25],
			"to": [11.5, 11, 1.5],
			"rotation": {"angle": 0, "axis": "z", "origin": [9.125, 10.625, 1.125]},
			"faces": {
				"north": {"uv": [8, 7, 10.75, 8.75], "rotation": 90, "texture": "#3"},
				"east": {"uv": [8, 7, 10.25, 8.75], "texture": "#3"},
				"south": {"uv": [8, 7, 10.75, 8.75], "rotation": 270, "texture": "#3"},
				"west": {"uv": [8, 7, 10.25, 8.75], "rotation": 180, "texture": "#3"},
				"up": {"uv": [8, 7, 10.25, 8.75], "rotation": 270, "texture": "#3"},
				"down": {"uv": [8, 7, 10.25, 8.75], "rotation": 270, "texture": "#3"}
			}
		},
		{
			"from": [11, 9.25, 1.25],
			"to": [11.25, 10.25, 1.5],
			"rotation": {"angle": 0, "axis": "y", "origin": [-8.5, 0, 0]},
			"faces": {
				"north": {"uv": [4, 3, 5.25, 5], "texture": "#4"},
				"east": {"uv": [4, 3, 5.25, 5], "texture": "#4"},
				"south": {"uv": [4, 3, 5.25, 5], "texture": "#4"},
				"west": {"uv": [4, 3, 5.25, 5], "texture": "#4"},
				"up": {"uv": [4, 3, 5.25, 4.25], "texture": "#4"},
				"down": {"uv": [4, 3, 5.25, 4.25], "texture": "#4"}
			}
		},
		{
			"from": [9.75, 9.25, 1.75],
			"to": [10, 9.5, 2],
			"rotation": {"angle": 0, "axis": "y", "origin": [-8.5, 0, 0]},
			"faces": {
				"north": {"uv": [5, 4, 6.25, 5.25], "texture": "#3"},
				"east": {"uv": [5, 4, 6.25, 5.25], "texture": "#3"},
				"south": {"uv": [5, 4, 6.25, 5.25], "texture": "#3"},
				"west": {"uv": [5, 4, 6.25, 5.25], "texture": "#3"},
				"up": {"uv": [5, 4, 6.25, 5.25], "texture": "#3"},
				"down": {"uv": [5, 4, 6.25, 5.25], "texture": "#3"}
			}
		},
		{
			"from": [6, 9.25, 1.75],
			"to": [6.25, 9.5, 2],
			"rotation": {"angle": 0, "axis": "y", "origin": [-8.5, 0, 0]},
			"faces": {
				"north": {"uv": [5, 4, 6.25, 5.25], "texture": "#3"},
				"east": {"uv": [5, 4, 6.25, 5.25], "texture": "#3"},
				"south": {"uv": [5, 4, 6.25, 5.25], "texture": "#3"},
				"west": {"uv": [5, 4, 6.25, 5.25], "texture": "#3"},
				"up": {"uv": [5, 4, 6.25, 5.25], "texture": "#3"},
				"down": {"uv": [5, 4, 6.25, 5.25], "texture": "#3"}
			}
		},
		{
			"from": [6.5, 9.25, 1],
			"to": [6.75, 9.5, 1.25],
			"rotation": {"angle": 0, "axis": "y", "origin": [-8.5, 0, 0]},
			"faces": {
				"north": {"uv": [6, 4, 7.25, 5.25], "texture": "#8"},
				"east": {"uv": [6, 4, 7.25, 5.25], "texture": "#8"},
				"south": {"uv": [6, 4, 7.25, 5.25], "texture": "#8"},
				"west": {"uv": [6, 4, 7.25, 5.25], "texture": "#8"},
				"up": {"uv": [6, 4, 7.25, 5.25], "texture": "#8"},
				"down": {"uv": [6, 4, 7.25, 5.25], "texture": "#8"}
			}
		},
		{
			"from": [7, 9.25, 1.75],
			"to": [7.25, 9.5, 2],
			"rotation": {"angle": 0, "axis": "y", "origin": [-8.5, 0, 0]},
			"faces": {
				"north": {"uv": [5, 4, 6.25, 5.25], "texture": "#3"},
				"east": {"uv": [5, 4, 6.25, 5.25], "texture": "#3"},
				"south": {"uv": [5, 4, 6.25, 5.25], "texture": "#3"},
				"west": {"uv": [5, 4, 6.25, 5.25], "texture": "#3"},
				"up": {"uv": [5, 4, 6.25, 5.25], "texture": "#3"},
				"down": {"uv": [5, 4, 6.25, 5.25], "texture": "#3"}
			}
		},
		{
			"from": [8.75, 9.25, 1.75],
			"to": [9, 9.5, 2],
			"rotation": {"angle": 0, "axis": "y", "origin": [-8.5, 0, 0]},
			"faces": {
				"north": {"uv": [5, 4, 7.25, 5.25], "texture": "#3"},
				"east": {"uv": [5, 4, 7.25, 5.25], "texture": "#3"},
				"south": {"uv": [5, 4, 7.25, 5.25], "texture": "#3"},
				"west": {"uv": [5, 4, 7.25, 5.25], "texture": "#3"},
				"up": {"uv": [5, 4, 7.25, 5.25], "texture": "#3"},
				"down": {"uv": [5, 4, 7.25, 5.25], "texture": "#3"}
			}
		},
		{
			"from": [9.25, 9.25, 1],
			"to": [9.5, 9.5, 1.25],
			"rotation": {"angle": 0, "axis": "y", "origin": [-8.5, 0, 0]},
			"faces": {
				"north": {"uv": [6, 4, 7.25, 5.25], "texture": "#8"},
				"east": {"uv": [6, 4, 7.25, 5.25], "texture": "#8"},
				"south": {"uv": [6, 4, 7.25, 5.25], "texture": "#8"},
				"west": {"uv": [6, 4, 7.25, 5.25], "texture": "#8"},
				"up": {"uv": [6, 4, 7.25, 5.25], "texture": "#8"},
				"down": {"uv": [6, 4, 7.25, 5.25], "texture": "#8"}
			}
		},
		{
			"from": [3, 2.25, 0.25],
			"to": [13, 9.25, 3],
			"rotation": {"angle": 0, "axis": "y", "origin": [-8.5, 0, 0]},
			"faces": {
				"north": {"uv": [3, 0, 13, 7], "texture": "#10"},
				"east": {"uv": [3, 0, 5.75, 7], "texture": "#10"},
				"south": {"uv": [3, 0, 13, 7], "texture": "#10"},
				"west": {"uv": [3, 0, 5.75, 7], "texture": "#10"},
				"up": {"uv": [3, 0, 13, 2.75], "texture": "#10"},
				"down": {"uv": [3, 0, 13, 2.75], "texture": "#10"}
			}
		},
		{
			"from": [3, 17.5, 0.5],
			"to": [13, 21.5, 2.75],
			"rotation": {"angle": 0, "axis": "y", "origin": [-8.5, 0, 0]},
			"faces": {
				"north": {"uv": [3, 0, 13, 4], "texture": "#10"},
				"east": {"uv": [3, 0, 5.25, 4], "texture": "#10"},
				"south": {"uv": [3, 0, 13, 4], "texture": "#10"},
				"west": {"uv": [3, 0, 5.25, 4], "texture": "#10"},
				"up": {"uv": [3, 0, 13, 2.25], "texture": "#10"},
				"down": {"uv": [3, 0, 13, 2.25], "texture": "#10"}
			}
		},
		{
			"from": [3.75, 9.5, -1.25],
			"to": [4.75, 17.75, -0.25],
			"rotation": {"angle": 22.5, "axis": "x", "origin": [-8.5, 0, 0]},
			"faces": {
				"north": {"uv": [4, 4, 5, 12.25], "texture": "#0"},
				"east": {"uv": [4, 4, 5, 12.25], "texture": "#0"},
				"south": {"uv": [4, 4, 5, 12.25], "texture": "#0"},
				"west": {"uv": [4, 4, 5, 12.25], "texture": "#0"},
				"up": {"uv": [4, 4, 5, 5], "texture": "#0"},
				"down": {"uv": [4, 4, 5, 5], "texture": "#0"}
			}
		},
		{
			"from": [11.25, 9.5, -1.25],
			"to": [12.25, 17.75, -0.25],
			"rotation": {"angle": 22.5, "axis": "x", "origin": [-8.5, 0, 0]},
			"faces": {
				"north": {"uv": [4, 4, 5, 12.25], "texture": "#0"},
				"east": {"uv": [4, 4, 5, 12.25], "texture": "#0"},
				"south": {"uv": [4, 4, 5, 12.25], "texture": "#0"},
				"west": {"uv": [4, 4, 5, 12.25], "texture": "#0"},
				"up": {"uv": [4, 4, 5, 5], "texture": "#0"},
				"down": {"uv": [4, 4, 5, 5], "texture": "#0"}
			}
		},
		{
			"from": [4.75, 11, -0.25],
			"to": [11.25, 16, -0.25],
			"rotation": {"angle": 22.5, "axis": "x", "origin": [-8.5, 0, 0]},
			"faces": {
				"north": {"uv": [0, 0, 16, 16], "texture": "#9"},
				"east": {"uv": [3, 2, 3, 7], "texture": "#10"},
				"south": {"uv": [3, 2, 9.5, 7], "texture": "#10"},
				"west": {"uv": [3, 2, 3, 7], "texture": "#10"},
				"up": {"uv": [3, 2, 9.5, 2], "texture": "#10"},
				"down": {"uv": [3, 2, 9.5, 2], "texture": "#10"}
			}
		},
		{
			"name": "glass",
			"from": [4.75, 11, -1.25],
			"to": [11.25, 16, -1.25],
			"rotation": {"angle": 22.5, "axis": "x", "origin": [-8.5, 0, 0]},
			"faces": {
				"north": {"uv": [4, 4, 10.5, 9], "texture": "#1"},
				"east": {"uv": [4, 4, 4, 9], "texture": "#1"},
				"south": {"uv": [4, 4, 10.5, 9], "texture": "#1"},
				"west": {"uv": [4, 4, 4, 9], "texture": "#1"},
				"up": {"uv": [4, 4, 10.5, 4], "texture": "#1"},
				"down": {"uv": [4, 4, 10.5, 4], "texture": "#1"}
			}
		},
		{
			"from": [4.75, 9.5, -1.25],
			"to": [11.25, 11, -0.25],
			"rotation": {"angle": 22.5, "axis": "x", "origin": [-8.5, 0, 0]},
			"faces": {
				"north": {"uv": [4, 4, 10.5, 5.5], "texture": "#0"},
				"east": {"uv": [4, 4, 5, 5.5], "texture": "#0"},
				"south": {"uv": [4, 4, 10.5, 5.5], "texture": "#0"},
				"west": {"uv": [4, 4, 5, 5.5], "texture": "#0"},
				"up": {"uv": [4, 4, 10.5, 5], "texture": "#0"},
				"down": {"uv": [4, 4, 10.5, 5], "texture": "#0"}
			}
		},
		{
			"from": [4.75, 16, -1.25],
			"to": [11.25, 17.5, -0.25],
			"rotation": {"angle": 22.5, "axis": "x", "origin": [-8.5, 0, 0]},
			"faces": {
				"north": {"uv": [4, 4, 10.5, 5.5], "texture": "#0"},
				"east": {"uv": [4, 4, 5, 5.5], "texture": "#0"},
				"south": {"uv": [4, 4, 10.5, 5.5], "texture": "#0"},
				"west": {"uv": [4, 4, 5, 5.5], "texture": "#0"},
				"up": {"uv": [4, 4, 10.5, 5], "texture": "#0"},
				"down": {"uv": [4, 4, 10.5, 5], "texture": "#0"}
			}
		},
		{
			"from": [3, 0, 2.25],
			"to": [13, 2.25, 3],
			"rotation": {"angle": 0, "axis": "y", "origin": [-8.5, 0, 0]},
			"faces": {
				"north": {"uv": [3, 0, 13, 2.25], "texture": "#10"},
				"east": {"uv": [3, 0, 3.75, 2.25], "texture": "#10"},
				"south": {"uv": [3, 0, 13, 2.25], "texture": "#10"},
				"west": {"uv": [3, 0, 3.75, 2.25], "texture": "#10"},
				"up": {"uv": [3, 0, 13, 0.75], "texture": "#10"},
				"down": {"uv": [3, 0, 13, 0.75], "texture": "#10"}
			}
		},
		{
			"from": [2.75, 0, 2.5],
			"to": [3.75, 18.5, 10.5],
			"rotation": {"angle": 0, "axis": "y", "origin": [-8.5, 0, 0]},
			"faces": {
				"north": {"uv": [3, 0, 4, 16], "texture": "#10"},
				"east": {"uv": [3, 0, 11, 16], "texture": "#10"},
				"south": {"uv": [3, 0, 4, 16], "texture": "#10"},
				"west": {"uv": [3, 0, 11, 16], "texture": "#10"},
				"up": {"uv": [3, 0, 4, 8], "texture": "#10"},
				"down": {"uv": [3, 0, 4, 8], "texture": "#10"}
			}
		},
		{
			"from": [12.25, 0, 2.5],
			"to": [13.25, 18.5, 10.5],
			"rotation": {"angle": 0, "axis": "y", "origin": [-8.5, 0, 0]},
			"faces": {
				"north": {"uv": [3, 0, 4, 16], "texture": "#10"},
				"east": {"uv": [3, 0, 11, 16], "texture": "#10"},
				"south": {"uv": [3, 0, 4, 16], "texture": "#10"},
				"west": {"uv": [3, 0, 11, 16], "texture": "#10"},
				"up": {"uv": [3, 0, 4, 8], "texture": "#10"},
				"down": {"uv": [3, 0, 4, 8], "texture": "#10"}
			}
		},
		{
			"from": [3, 20.5, -6.25],
			"to": [13, 21, 2.5],
			"rotation": {"angle": 22.5, "axis": "x", "origin": [-8.5, 0, 0]},
			"faces": {
				"north": {"uv": [1, 2, 11, 2.5], "texture": "#10"},
				"east": {"uv": [1, 2, 9.75, 2.5], "texture": "#10"},
				"south": {"uv": [1, 2, 11, 2.5], "texture": "#10"},
				"west": {"uv": [1, 2, 9.75, 2.5], "texture": "#10"},
				"up": {"uv": [1, 2, 11, 10.75], "texture": "#10"},
				"down": {"uv": [1, 2, 11, 10.75], "texture": "#10"}
			}
		},
		{
			"from": [2.75, 16.5, -6.25],
			"to": [4, 21, 2.5],
			"rotation": {"angle": 22.5, "axis": "x", "origin": [-8.5, 0, 0]},
			"faces": {
				"north": {"uv": [3, 0, 4.25, 4.5], "texture": "#10"},
				"east": {"uv": [3, 0, 11.75, 4.5], "texture": "#10"},
				"south": {"uv": [3, 0, 4.25, 4.5], "texture": "#10"},
				"west": {"uv": [3, 0, 11.75, 4.5], "texture": "#10"},
				"up": {"uv": [3, 0, 4.25, 8.75], "texture": "#10"},
				"down": {"uv": [3, 0, 4.25, 8.75], "texture": "#10"}
			}
		},
		{
			"from": [12, 16.5, -6.25],
			"to": [13.25, 21, 2.5],
			"rotation": {"angle": 22.5, "axis": "x", "origin": [-8.5, 0, 0]},
			"faces": {
				"north": {"uv": [3, 0, 4.25, 4.5], "texture": "#10"},
				"east": {"uv": [3, 0, 11.75, 4.5], "texture": "#10"},
				"south": {"uv": [3, 0, 4.25, 4.5], "texture": "#10"},
				"west": {"uv": [3, 0, 11.75, 4.5], "texture": "#10"},
				"up": {"uv": [3, 0, 4.25, 8.75], "texture": "#10"},
				"down": {"uv": [3, 0, 4.25, 8.75], "texture": "#10"}
			}
		},
		{
			"from": [4, 17.5, -4.25],
			"to": [12, 18, -1],
			"rotation": {"angle": 22.5, "axis": "x", "origin": [-8.5, 0, 0]},
			"faces": {
				"north": {"uv": [3, 1, 11, 1.5], "texture": "#10"},
				"east": {"uv": [3, 1, 6.25, 1.5], "texture": "#10"},
				"south": {"uv": [3, 1, 11, 1.5], "texture": "#10"},
				"west": {"uv": [3, 1, 6.25, 1.5], "texture": "#10"},
				"up": {"uv": [3, 1, 11, 4.25], "texture": "#10"},
				"down": {"uv": [3, 1, 11, 4.25], "texture": "#10"}
			}
		},
		{
			"from": [3.75, 0, 10.25],
			"to": [12.25, 18.5, 11.25],
			"rotation": {"angle": 0, "axis": "y", "origin": [-8.5, 0, 0]},
			"faces": {
				"north": {"uv": [3, 0, 11.25, 16], "texture": "#10"},
				"east": {"uv": [3, 0, 4, 16], "texture": "#10"},
				"south": {"uv": [3, 0, 11.25, 16], "texture": "#10"},
				"west": {"uv": [3, 0, 4, 16], "texture": "#10"},
				"up": {"uv": [3, 0, 4, 8.25], "rotation": 270, "texture": "#10"},
				"down": {"uv": [3, 0, 4, 8.25], "rotation": 90, "texture": "#10"}
			}
		},
		{
			"from": [3.75, 0, 3],
			"to": [12.25, 0, 10.25],
			"rotation": {"angle": 0, "axis": "y", "origin": [-8.5, 0, 0]},
			"faces": {
				"north": {"uv": [3, 0, 11.25, 0], "texture": "#10"},
				"east": {"uv": [3, 0, 10.25, 0], "texture": "#10"},
				"south": {"uv": [3, 0, 11.25, 0], "texture": "#10"},
				"west": {"uv": [3, 0, 10.25, 0], "texture": "#10"},
				"up": {"uv": [3, 0, 11.25, 7.25], "texture": "#10"},
				"down": {"uv": [3, 0, 11.25, 7.25], "texture": "#10"}
			}
		},
		{
			"from": [5.25, 3.75, 0],
			"to": [10.5, 7.5, 1],
			"faces": {
				"north": {"uv": [2, 3, 7.25, 6.75], "texture": "#2"},
				"east": {"uv": [2, 3, 3, 6.75], "texture": "#2"},
				"south": {"uv": [2, 3, 7.25, 6.75], "texture": "#2"},
				"west": {"uv": [2, 3, 3, 6.75], "texture": "#2"},
				"up": {"uv": [2, 3, 7.25, 4], "texture": "#2"},
				"down": {"uv": [2, 3, 7.25, 4], "texture": "#2"}
			}
		},
		{
			"from": [8.75, 6.25, -0.25],
			"to": [9.25, 6.75, 0.75],
			"faces": {
				"north": {"uv": [3, 3, 6.5, 4.5], "texture": "#3"},
				"east": {"uv": [3, 3, 7, 4.5], "texture": "#3"},
				"south": {"uv": [3, 3, 6.5, 4.5], "texture": "#3"},
				"west": {"uv": [3, 3, 7, 4.5], "texture": "#3"},
				"up": {"uv": [3, 3, 6.5, 5], "texture": "#3"},
				"down": {"uv": [3, 3, 6.5, 5], "texture": "#3"}
			}
		},
		{
			"from": [6.5, 6.25, -0.25],
			"to": [7, 6.75, 0.75],
			"faces": {
				"north": {"uv": [3, 3, 6.5, 4.5], "texture": "#3"},
				"east": {"uv": [3, 3, 7, 4.5], "texture": "#3"},
				"south": {"uv": [3, 3, 6.5, 4.5], "texture": "#3"},
				"west": {"uv": [3, 3, 7, 4.5], "texture": "#3"},
				"up": {"uv": [3, 3, 6.5, 5], "texture": "#3"},
				"down": {"uv": [3, 3, 6.5, 5], "texture": "#3"}
			}
		},
		{
			"from": [5.5, 5.25, -0.25],
			"to": [6, 5.75, 0.75],
			"faces": {
				"north": {"uv": [3, 3, 4.5, 4.5], "texture": "#4"},
				"east": {"uv": [3, 3, 5, 4.5], "texture": "#4"},
				"south": {"uv": [3, 3, 4.5, 4.5], "texture": "#4"},
				"west": {"uv": [3, 3, 5, 4.5], "texture": "#4"},
				"up": {"uv": [3, 3, 4.5, 5], "texture": "#4"},
				"down": {"uv": [3, 3, 4.5, 5], "texture": "#4"}
			}
		},
		{
			"from": [7.05, 4.25, -0.25],
			"to": [7.3, 5.25, 1],
			"faces": {
				"north": {"uv": [3, 3, 5.25, 5], "texture": "#0"},
				"east": {"uv": [3, 3, 6.25, 5], "texture": "#0"},
				"south": {"uv": [3, 3, 5.25, 5], "texture": "#0"},
				"west": {"uv": [3, 3, 6.25, 5], "texture": "#0"},
				"up": {"uv": [3, 3, 5.25, 5.25], "texture": "#0"},
				"down": {"uv": [3, 3, 5.25, 5.25], "texture": "#0"}
			}
		},
		{
			"from": [8.8, 4.25, -0.25],
			"to": [9.3, 4.5, 1],
			"faces": {
				"north": {"uv": [3, 3, 5.5, 4.25], "texture": "#0"},
				"east": {"uv": [3, 3, 6.25, 4.25], "texture": "#0"},
				"south": {"uv": [3, 3, 5.5, 4.25], "texture": "#0"},
				"west": {"uv": [3, 3, 6.25, 4.25], "texture": "#0"},
				"up": {"uv": [3, 3, 5.5, 5.25], "texture": "#0"},
				"down": {"uv": [3, 3, 5.5, 5.25], "texture": "#0"}
			}
		},
		{
			"from": [8.55, 4.25, -0.25],
			"to": [8.8, 5.25, 1],
			"faces": {
				"north": {"uv": [3, 3, 5.25, 5], "texture": "#0"},
				"east": {"uv": [3, 3, 6.25, 5], "texture": "#0"},
				"south": {"uv": [3, 3, 5.25, 5], "texture": "#0"},
				"west": {"uv": [3, 3, 6.25, 5], "texture": "#0"},
				"up": {"uv": [3, 3, 5.25, 5.25], "texture": "#0"},
				"down": {"uv": [3, 3, 5.25, 5.25], "texture": "#0"}
			}
		},
		{
			"from": [8.8, 5, -0.25],
			"to": [9.3, 5.25, 1],
			"faces": {
				"north": {"uv": [3, 3, 5.5, 4.25], "texture": "#0"},
				"east": {"uv": [3, 3, 6.25, 4.25], "texture": "#0"},
				"south": {"uv": [3, 3, 5.5, 4.25], "texture": "#0"},
				"west": {"uv": [3, 3, 6.25, 4.25], "texture": "#0"},
				"up": {"uv": [3, 3, 5.5, 5.25], "texture": "#0"},
				"down": {"uv": [3, 3, 5.5, 5.25], "texture": "#0"}
			}
		},
		{
			"from": [9.3, 4.25, -0.25],
			"to": [9.55, 5.25, 1],
			"faces": {
				"north": {"uv": [3, 3, 5.25, 5], "texture": "#0"},
				"east": {"uv": [3, 3, 6.25, 5], "texture": "#0"},
				"south": {"uv": [3, 3, 5.25, 5], "texture": "#0"},
				"west": {"uv": [3, 3, 6.25, 5], "texture": "#0"},
				"up": {"uv": [3, 3, 5.25, 5.25], "texture": "#0"},
				"down": {"uv": [3, 3, 5.25, 5.25], "texture": "#0"}
			}
		},
		{
			"from": [6.55, 6, -0.25],
			"to": [7.05, 6.25, 1],
			"faces": {
				"north": {"uv": [3, 3, 5.5, 4.25], "texture": "#0"},
				"east": {"uv": [3, 3, 6.25, 4.25], "texture": "#0"},
				"south": {"uv": [3, 3, 5.5, 4.25], "texture": "#0"},
				"west": {"uv": [3, 3, 6.25, 4.25], "texture": "#0"},
				"up": {"uv": [3, 3, 5.5, 5.25], "texture": "#0"},
				"down": {"uv": [3, 3, 5.5, 5.25], "texture": "#0"}
			}
		},
		{
			"from": [6.3, 6, -0.25],
			"to": [6.55, 7, 1],
			"faces": {
				"north": {"uv": [3, 3, 5.25, 5], "texture": "#0"},
				"east": {"uv": [3, 3, 6.25, 5], "texture": "#0"},
				"south": {"uv": [3, 3, 5.25, 5], "texture": "#0"},
				"west": {"uv": [3, 3, 6.25, 5], "texture": "#0"},
				"up": {"uv": [3, 3, 5.25, 5.25], "texture": "#0"},
				"down": {"uv": [3, 3, 5.25, 5.25], "texture": "#0"}
			}
		},
		{
			"from": [6.55, 6.75, -0.25],
			"to": [7.05, 7, 1],
			"faces": {
				"north": {"uv": [3, 3, 5.5, 4.25], "texture": "#0"},
				"east": {"uv": [3, 3, 6.25, 4.25], "texture": "#0"},
				"south": {"uv": [3, 3, 5.5, 4.25], "texture": "#0"},
				"west": {"uv": [3, 3, 6.25, 4.25], "texture": "#0"},
				"up": {"uv": [3, 3, 5.5, 5.25], "texture": "#0"},
				"down": {"uv": [3, 3, 5.5, 5.25], "texture": "#0"}
			}
		},
		{
			"from": [7.05, 6, -0.25],
			"to": [7.3, 7, 1],
			"faces": {
				"north": {"uv": [3, 3, 5.25, 5], "texture": "#0"},
				"east": {"uv": [3, 3, 6.25, 5], "texture": "#0"},
				"south": {"uv": [3, 3, 5.25, 5], "texture": "#0"},
				"west": {"uv": [3, 3, 6.25, 5], "texture": "#0"},
				"up": {"uv": [3, 3, 5.25, 5.25], "texture": "#0"},
				"down": {"uv": [3, 3, 5.25, 5.25], "texture": "#0"}
			}
		},
		{
			"from": [8.8, 6.75, -0.25],
			"to": [9.3, 7, 1],
			"faces": {
				"north": {"uv": [3, 3, 5.5, 4.25], "texture": "#0"},
				"east": {"uv": [3, 3, 6.25, 4.25], "texture": "#0"},
				"south": {"uv": [3, 3, 5.5, 4.25], "texture": "#0"},
				"west": {"uv": [3, 3, 6.25, 4.25], "texture": "#0"},
				"up": {"uv": [3, 3, 5.5, 5.25], "texture": "#0"},
				"down": {"uv": [3, 3, 5.5, 5.25], "texture": "#0"}
			}
		},
		{
			"from": [8.8, 6, -0.25],
			"to": [9.3, 6.25, 1],
			"faces": {
				"north": {"uv": [3, 3, 5.5, 4.25], "texture": "#0"},
				"east": {"uv": [3, 3, 6.25, 4.25], "texture": "#0"},
				"south": {"uv": [3, 3, 5.5, 4.25], "texture": "#0"},
				"west": {"uv": [3, 3, 6.25, 4.25], "texture": "#0"},
				"up": {"uv": [3, 3, 5.5, 5.25], "texture": "#0"},
				"down": {"uv": [3, 3, 5.5, 5.25], "texture": "#0"}
			}
		},
		{
			"from": [8.55, 6, -0.25],
			"to": [8.8, 7, 1],
			"faces": {
				"north": {"uv": [3, 3, 5.25, 5], "texture": "#0"},
				"east": {"uv": [3, 3, 6.25, 5], "texture": "#0"},
				"south": {"uv": [3, 3, 5.25, 5], "texture": "#0"},
				"west": {"uv": [3, 3, 6.25, 5], "texture": "#0"},
				"up": {"uv": [3, 3, 5.25, 5.25], "texture": "#0"},
				"down": {"uv": [3, 3, 5.25, 5.25], "texture": "#0"}
			}
		},
		{
			"from": [9.3, 6, -0.25],
			"to": [9.55, 7, 1],
			"faces": {
				"north": {"uv": [3, 3, 5.25, 5], "texture": "#0"},
				"east": {"uv": [3, 3, 6.25, 5], "texture": "#0"},
				"south": {"uv": [3, 3, 5.25, 5], "texture": "#0"},
				"west": {"uv": [3, 3, 6.25, 5], "texture": "#0"},
				"up": {"uv": [3, 3, 5.25, 5.25], "texture": "#0"},
				"down": {"uv": [3, 3, 5.25, 5.25], "texture": "#0"}
			}
		},
		{
			"from": [6.3, 4.25, -0.25],
			"to": [6.55, 5.25, 1],
			"faces": {
				"north": {"uv": [3, 3, 5.25, 5], "texture": "#0"},
				"east": {"uv": [3, 3, 6.25, 5], "texture": "#0"},
				"south": {"uv": [3, 3, 5.25, 5], "texture": "#0"},
				"west": {"uv": [3, 3, 6.25, 5], "texture": "#0"},
				"up": {"uv": [3, 3, 5.25, 5.25], "texture": "#0"},
				"down": {"uv": [3, 3, 5.25, 5.25], "texture": "#0"}
			}
		},
		{
			"from": [6.55, 5, -0.25],
			"to": [7.05, 5.25, 1],
			"faces": {
				"north": {"uv": [3, 3, 5.5, 4.25], "texture": "#0"},
				"east": {"uv": [3, 3, 6.25, 4.25], "texture": "#0"},
				"south": {"uv": [3, 3, 5.5, 4.25], "texture": "#0"},
				"west": {"uv": [3, 3, 6.25, 4.25], "texture": "#0"},
				"up": {"uv": [3, 3, 5.5, 5.25], "texture": "#0"},
				"down": {"uv": [3, 3, 5.5, 5.25], "texture": "#0"}
			}
		},
		{
			"from": [6.55, 4.25, -0.25],
			"to": [7.05, 4.5, 1],
			"faces": {
				"north": {"uv": [3, 3, 5.5, 4.25], "texture": "#0"},
				"east": {"uv": [3, 3, 6.25, 4.25], "texture": "#0"},
				"south": {"uv": [3, 3, 5.5, 4.25], "texture": "#0"},
				"west": {"uv": [3, 3, 6.25, 4.25], "texture": "#0"},
				"up": {"uv": [3, 3, 5.5, 5.25], "texture": "#0"},
				"down": {"uv": [3, 3, 5.5, 5.25], "texture": "#0"}
			}
		}
	],
	"gui_light": "front",
	"display": {
		"thirdperson_righthand": {
			"rotation": [90, 0, 0],
			"translation": [-5.75, -3, 0],
			"scale": [1.5, 1.5, 1.5]
		},
		"gui": {
			"rotation": [0, -180, 0]
		},
		"head": {
			"translation": [0, 12.5, 0]
		}
	},
	"groups": [
		{
			"name": "controls",
			"origin": [0, 0, 0],
			"color": 0,
			"children": [0, 1, 2, 3, 4, 5, 6, 7, 8, 9, 10, 11, 12, 13]
		},
		{
			"name": "case",
			"origin": [0, 0, 0],
			"color": 0,
			"children": [14, 15, 16, 17, 18, 19, 20, 21, 22, 23, 24, 25, 26, 27, 28, 29, 30]
		},
		{
			"name": "panel",
			"origin": [8, 8, 8],
			"color": 0,
			"children": [31, 32, 33, 34, 35, 36, 37, 38, 39, 40, 41, 42, 43, 44, 45, 46, 47, 48, 49, 50]
		}
	]
}