{
	"credit": "Made with Blockbench",
	"textures": {
		"1": "block/gray_concrete",
		"2": "block/netherite_block",
		"3": "custom/steel",
		"particle": "custom/steel"
	},
	"elements": [
		{
			"from": [0.25, 0.5, -4.25],
			"to": [1, 1.75, 0.75],
			"faces": {
				"north": {"uv": [0, 0, 16, 16], "texture": "#1"},
				"east": {"uv": [0, 0, 3, 5], "texture": "#1"},
				"south": {"uv": [0, 0, 3, 5], "texture": "#1"},
				"west": {"uv": [0, 0, 3, 5], "texture": "#1"},
				"up": {"uv": [0, 0, 3, 5], "texture": "#1"},
				"down": {"uv": [0, 0, 3, 5], "texture": "#1"}
			}
		},
		{
			"from": [0, 0.75, -3.75],
			"to": [0.25, 1.5, 0.5],
			"faces": {
				"north": {"uv": [0, 0, 16, 16], "texture": "#1"},
				"east": {"uv": [0, 0, 1, 3], "texture": "#1"},
				"south": {"uv": [0, 0, 1, 3], "texture": "#1"},
				"west": {"uv": [0, 0, 1, 3], "texture": "#1"},
				"up": {"uv": [0, 0, 1, 3], "texture": "#1"},
				"down": {"uv": [0, 0, 1, 3], "texture": "#1"}
			}
		},
		{
			"from": [1, 0.75, -3.75],
			"to": [1.25, 1.5, 0.5],
			"faces": {
				"north": {"uv": [0, 0, 16, 16], "texture": "#1"},
				"east": {"uv": [0, 0, 1, 3], "texture": "#1"},
				"south": {"uv": [0, 0, 1, 3], "texture": "#1"},
				"west": {"uv": [0, 0, 1, 3], "texture": "#1"},
				"up": {"uv": [0, 0, 1, 3], "texture": "#1"},
				"down": {"uv": [0, 0, 1, 3], "texture": "#1"}
			}
		},
		{
			"from": [0.25, 0.25, 0],
			"to": [1, 1.5, 1],
			"faces": {
				"north": {"uv": [0, 0, 16, 16], "texture": "#1"},
				"east": {"uv": [0, 0, 3, 5], "texture": "#1"},
				"south": {"uv": [0, 0, 3, 5], "texture": "#1"},
				"west": {"uv": [0, 0, 3, 5], "texture": "#1"},
				"up": {"uv": [0, 0, 3, 5], "texture": "#1"},
				"down": {"uv": [0, 0, 3, 5], "texture": "#1"}
			}
		},
		{
			"from": [0.25, 0.75, -6.25],
			"to": [1, 1.75, -4.75],
			"faces": {
				"north": {"uv": [11, 11.5, 12, 13], "rotation": 270, "texture": "#3"},
				"east": {"uv": [4, 8, 6, 9], "rotation": 180, "texture": "#3"},
				"south": {"uv": [11, 11.5, 12, 13], "rotation": 270, "texture": "#3"},
				"west": {"uv": [4, 9, 6, 10], "rotation": 180, "texture": "#3"},
				"up": {"uv": [3, 8, 6, 9], "rotation": 270, "texture": "#3"},
				"down": {"uv": [3, 8, 6, 9], "rotation": 270, "texture": "#3"}
			}
		},
		{
			"from": [0.25, 0.75, -7.75],
			"to": [1, 1.75, -6.25],
			"faces": {
				"north": {"uv": [0, 0, 1, 1.5], "rotation": 270, "texture": "#3"},
				"east": {"uv": [4, 8, 6, 9], "rotation": 180, "texture": "#3"},
				"south": {"uv": [0, 0, 1, 1.5], "rotation": 270, "texture": "#3"},
				"west": {"uv": [4, 9, 6, 10], "rotation": 180, "texture": "#3"},
				"up": {"uv": [3, 8, 6, 9], "rotation": 270, "texture": "#3"},
				"down": {"uv": [3, 8, 6, 9], "rotation": 270, "texture": "#3"}
			}
		},
		{
			"from": [0.249, 0.5, -9.25],
			"to": [1.001, 1.51, -6.75],
			"faces": {
				"north": {"uv": [9, 7, 11, 8], "rotation": 270, "texture": "#3"},
				"east": {"uv": [3, 9, 6, 10], "rotation": 180, "texture": "#3"},
				"south": {"uv": [9, 7, 11, 8], "rotation": 270, "texture": "#3"},
				"west": {"uv": [3, 9, 6, 10], "rotation": 180, "texture": "#3"},
				"up": {"uv": [7, 9, 11, 10], "rotation": 270, "texture": "#3"},
				"down": {"uv": [7, 9, 11, 10], "rotation": 270, "texture": "#3"}
			}
		},
		{
			"from": [0.51, 0.25, -7.5],
			"to": [0.762, 0.75, -4.75],
			"faces": {
				"north": {"uv": [0, 0, 0.5, 2.75], "rotation": 270, "texture": "#3"},
				"east": {"uv": [8, 7, 12, 8], "rotation": 180, "texture": "#3"},
				"south": {"uv": [0, 0, 0.5, 2.75], "rotation": 270, "texture": "#3"},
				"west": {"uv": [8, 7, 12, 8], "rotation": 180, "texture": "#3"},
				"up": {"uv": [8, 6, 12, 7], "rotation": 270, "texture": "#3"},
				"down": {"uv": [8, 6, 12, 7], "rotation": 270, "texture": "#3"}
			}
		},
		{
			"from": [0.25, 0.75, -11],
			"to": [1, 1.5, -8.5],
			"faces": {
				"north": {"uv": [9, 7, 11, 8], "rotation": 270, "texture": "#3"},
				"east": {"uv": [3, 9, 6, 10], "rotation": 180, "texture": "#3"},
				"south": {"uv": [9, 7, 11, 8], "rotation": 270, "texture": "#3"},
				"west": {"uv": [3, 9, 6, 10], "rotation": 180, "texture": "#3"},
				"up": {"uv": [2, 9, 6, 10], "rotation": 270, "texture": "#3"},
				"down": {"uv": [2, 9, 6, 10], "rotation": 270, "texture": "#3"}
			}
		},
		{
			"from": [0.25, 0.75, -11.5],
			"to": [1, 1.25, -11],
			"faces": {
				"north": {"uv": [6, 9, 8, 10], "rotation": 270, "texture": "#3"},
				"east": {"uv": [3, 9, 6, 10], "rotation": 180, "texture": "#3"},
				"south": {"uv": [6, 9, 8, 10], "rotation": 270, "texture": "#3"},
				"west": {"uv": [3, 9, 6, 10], "rotation": 180, "texture": "#3"},
				"up": {"uv": [7, 9, 10, 10], "rotation": 270, "texture": "#3"},
				"down": {"uv": [7, 9, 10, 10], "rotation": 270, "texture": "#3"}
			}
		},
		{
			"from": [0.5, 0.5, -12.25],
			"to": [0.752, 0.75, -11.75],
			"faces": {
				"north": {"uv": [8, 7, 10, 8], "rotation": 270, "texture": "#3"},
				"east": {"uv": [8, 7, 12, 8], "rotation": 180, "texture": "#3"},
				"south": {"uv": [8, 7, 10, 8], "rotation": 270, "texture": "#3"},
				"west": {"uv": [8, 8, 12, 7], "rotation": 180, "texture": "#3"},
				"up": {"uv": [8, 7, 11, 8], "rotation": 180, "texture": "#3"},
				"down": {"uv": [8, 7, 11, 8], "rotation": 180, "texture": "#3"}
			}
		},
		{
			"from": [0.48, 0, -11.75],
			"to": [0.734, 1, -11],
			"faces": {
				"north": {"uv": [8.75, 7, 10.75, 7.75], "rotation": 270, "texture": "#3"},
				"east": {"uv": [8, 7, 12, 8], "rotation": 180, "texture": "#3"},
				"south": {"uv": [8.75, 7, 10.75, 7.75], "rotation": 270, "texture": "#3"},
				"west": {"uv": [8, 7, 12, 8], "rotation": 180, "texture": "#3"},
				"up": {"uv": [8, 7, 12, 8], "rotation": 180, "texture": "#3"},
				"down": {"uv": [8, 7, 12, 8], "rotation": 180, "texture": "#3"}
			}
		},
		{
			"from": [0.5, -0.249, -13],
			"to": [0.75, 0.261, -11.5],
			"faces": {
				"north": {"uv": [11, 13, 13, 11], "texture": "#3"},
				"east": {"uv": [8, 6, 12, 8], "rotation": 180, "texture": "#3"},
				"south": {"uv": [11, 13, 13, 11], "texture": "#3"},
				"west": {"uv": [8, 6, 12, 8], "rotation": 180, "texture": "#3"},
				"up": {"uv": [8, 7, 12, 6], "rotation": 270, "texture": "#3"},
				"down": {"uv": [11, 11, 15, 12], "rotation": 270, "texture": "#3"}
			}
		},
		{
			"from": [0.49, -0.25, -12.5],
			"to": [0.742, 0.5, -11.75],
			"faces": {
				"north": {"uv": [9, 8, 11, 7], "rotation": 270, "texture": "#3"},
				"east": {"uv": [11, 12, 14, 10], "rotation": 180, "texture": "#3"},
				"south": {"uv": [9, 8, 11, 7], "rotation": 270, "texture": "#3"},
				"west": {"uv": [11, 12, 14, 10], "rotation": 180, "texture": "#3"},
				"up": {"uv": [9, 8, 10, 7], "rotation": 270, "texture": "#3"},
				"down": {"uv": [9, 8, 10, 7], "rotation": 270, "texture": "#3"}
			}
		},
		{
			"from": [0.4998, -0.25, -11.75],
			"to": [0.7496, 0, -8.5],
			"faces": {
				"north": {"uv": [12, 11, 14, 12], "rotation": 270, "texture": "#3"},
				"east": {"uv": [11, 11, 15, 12], "rotation": 180, "texture": "#3"},
				"south": {"uv": [12, 11, 14, 12], "rotation": 270, "texture": "#3"},
				"west": {"uv": [11, 11, 15, 12], "rotation": 180, "texture": "#3"},
				"up": {"uv": [11, 11, 15, 12], "rotation": 270, "texture": "#3"},
				"down": {"uv": [15, 11, 11, 12], "rotation": 270, "texture": "#3"}
			}
		},
		{
			"from": [0.5, 0, -11],
			"to": [0.75, 0.75, -6.5],
			"faces": {
				"north": {"uv": [9, 7, 10.75, 7.5], "rotation": 270, "texture": "#3"},
				"east": {"uv": [8, 7, 12, 8], "rotation": 180, "texture": "#3"},
				"south": {"uv": [9, 7, 10.75, 7.5], "rotation": 270, "texture": "#3"},
				"west": {"uv": [8, 8, 12, 7], "rotation": 180, "texture": "#3"},
				"up": {"uv": [8, 7, 12, 8], "rotation": 270, "texture": "#3"},
				"down": {"uv": [8, 7, 12, 8], "rotation": 270, "texture": "#3"}
			}
		},
		{
			"from": [0, 0.25, -5],
			"to": [1.25, 2, -4],
			"faces": {
				"north": {"uv": [4, 2, 14, 14], "texture": "#2"},
				"east": {"uv": [7, 2, 14, 14], "texture": "#2"},
				"south": {"uv": [4, 2, 14, 14], "texture": "#2"},
				"west": {"uv": [7, 2, 14, 14], "texture": "#2"},
				"up": {"uv": [7, 7, 14, 14], "texture": "#2"},
				"down": {"uv": [7, 7, 14, 14], "texture": "#2"}
			}
		},
		{
			"from": [0.25, 2, -4.75],
			"to": [1, 2.25, -4.25],
			"faces": {
				"north": {"uv": [8, 12, 13, 14], "texture": "#2"},
				"east": {"uv": [14, 11, 10, 13], "texture": "#2"},
				"south": {"uv": [8, 12, 13, 14], "texture": "#2"},
				"west": {"uv": [10, 11, 14, 13], "texture": "#2"},
				"up": {"uv": [10, 11, 14, 14], "texture": "#2"},
				"down": {"uv": [10, 11, 14, 14], "texture": "#2"}
			}
		},
		{
			"from": [0.251, 0, -4.9],
			"to": [1.003, 0.5, -4.39],
			"faces": {
				"north": {"uv": [8, 12, 13, 14], "texture": "#2"},
				"east": {"uv": [14, 11, 10, 13], "texture": "#2"},
				"south": {"uv": [8, 12, 13, 14], "texture": "#2"},
				"west": {"uv": [10, 11, 14, 13], "texture": "#2"},
				"up": {"uv": [10, 11, 14, 14], "texture": "#2"},
				"down": {"uv": [10, 11, 14, 14], "texture": "#2"}
			}
		},
		{
			"from": [0.25, -0.25, -5],
			"to": [1, 0.25, -4.75],
			"faces": {
				"north": {"uv": [9, 10, 14, 14], "texture": "#2"},
				"east": {"uv": [11, 10, 13, 14], "texture": "#2"},
				"south": {"uv": [9, 10, 14, 14], "texture": "#2"},
				"west": {"uv": [11, 10, 13, 14], "texture": "#2"},
				"up": {"uv": [9, 12, 14, 14], "texture": "#2"},
				"down": {"uv": [9, 12, 14, 14], "texture": "#2"}
			}
		},
		{
			"from": [0.5, 0, -4.5],
			"to": [0.75, 0.25, -4.25],
			"faces": {
				"north": {"uv": [12, 12, 14, 14], "texture": "#2"},
				"east": {"uv": [12, 11, 14, 13], "texture": "#2"},
				"south": {"uv": [12, 12, 14, 14], "texture": "#2"},
				"west": {"uv": [12, 11, 14, 13], "texture": "#2"},
				"up": {"uv": [12, 12, 14, 14], "texture": "#2"},
				"down": {"uv": [12, 12, 14, 14], "texture": "#2"}
			}
		},
		{
			"from": [0.5, -0.25, -4.75],
			"to": [0.75, 0, -4.5],
			"faces": {
				"north": {"uv": [12, 12, 14, 14], "texture": "#2"},
				"east": {"uv": [12, 11, 14, 13], "texture": "#2"},
				"south": {"uv": [12, 12, 14, 14], "texture": "#2"},
				"west": {"uv": [12, 11, 14, 13], "texture": "#2"},
				"up": {"uv": [12, 12, 14, 14], "texture": "#2"},
				"down": {"uv": [12, 12, 14, 14], "texture": "#2"}
			}
		}
	],
	"gui_light": "front",
	"display": {
		"thirdperson_righthand": {
			"rotation": [100.75, 0, -31.75],
			"translation": [10, -12, 0]
		},
		"thirdperson_lefthand": {
			"rotation": [98.75, 0, 340.25],
			"translation": [-4.75, -13, 7.25]
		},
		"firstperson_righthand": {
			"rotation": [83, 21, 7],
			"translation": [12, -5.5, 9.75]
		},
		"firstperson_lefthand": {
			"rotation": [83, 21, 7],
			"translation": [-1, -11, 8.5]
		},
		"ground": {
			"rotation": [59, 0, 0],
			"translation": [6.25, -6, 17]
		},
		"gui": {
			"rotation": [88, 40, -88],
			"translation": [21, -8, -1.75],
			"scale": [1.4, 1.4, 1.4]
		},
		"head": {
			"rotation": [46, 0, 0],
			"translation": [7.5, 5, 6]
		},
		"fixed": {
			"rotation": [90, -40, 91],
			"translation": [-21, -7.75, 9.75],
			"scale": [1.5, 1.5, 1.5]
		}
	},
	"groups": [
		{
			"name": "handle",
			"origin": [0, 0, 0],
			"color": 0,
			"children": [0, 1, 2, 3]
		},
		{
			"name": "blade",
			"origin": [0, 0, 0],
			"color": 0,
			"children": [4, 5, 6, 7, 8, 9, 10, 11, 12, 13, 14, 15]
		},
		{
			"name": "guard",
			"origin": [0, 0, 0],
			"color": 0,
			"children": [16, 17, 18, 19, 20, 21]
		}
	]
}