{
	"credit": "Made with Blockbench",
	"textures": {
		"0": "block/white_stained_glass",
		"1": "custom/adrenaline",
		"2": "block/gray_concrete",
		"3": "custom/steel_dark",
		"particle": "block/white_stained_glass"
	},
	"elements": [
		{
			"from": [1.05, 3.75, 2.05],
			"to": [1.85, 8.25, 2.85],
			"faces": {
				"north": {"uv": [6, 6, 11, 10], "rotation": 90, "texture": "#1"},
				"east": {"uv": [6, 6, 10, 10], "rotation": 90, "texture": "#1"},
				"south": {"uv": [6, 6, 11, 10], "rotation": 90, "texture": "#1"},
				"west": {"uv": [6, 6, 10, 10], "rotation": 90, "texture": "#1"},
				"up": {"uv": [6, 6, 9, 9], "rotation": 90, "texture": "#1"},
				"down": {"uv": [6, 6, 9, 9], "rotation": 90, "texture": "#1"}
			}
		},
		{
			"from": [0.75, 3.5, 1.5],
			"to": [2.25, 3.75, 3.5],
			"faces": {
				"north": {"uv": [6, 6, 9.5, 13.75], "texture": "#2"},
				"east": {"uv": [6, 6, 9.25, 13.75], "texture": "#2"},
				"south": {"uv": [6, 6, 9.5, 13.75], "texture": "#2"},
				"west": {"uv": [6, 6, 9.25, 13.75], "texture": "#2"},
				"up": {"uv": [6, 6, 9.25, 8.5], "rotation": 270, "texture": "#2"},
				"down": {"uv": [6, 6, 9.25, 8.5], "rotation": 90, "texture": "#2"}
			}
		},
		{
			"from": [1.25, 2, 2.25],
			"to": [1.75, 3.5, 2.75],
			"faces": {
				"north": {"uv": [6, 6, 11, 10], "rotation": 90, "texture": "#3"},
				"east": {"uv": [6, 6, 10, 10], "rotation": 90, "texture": "#3"},
				"south": {"uv": [6, 6, 11, 10], "rotation": 90, "texture": "#3"},
				"west": {"uv": [6, 6, 10, 10], "rotation": 90, "texture": "#3"},
				"up": {"uv": [6, 6, 9, 9], "rotation": 90, "texture": "#3"},
				"down": {"uv": [6, 6, 9, 9], "rotation": 90, "texture": "#3"}
			}
		},
		{
			"from": [1.25, 10.75, 2.25],
			"to": [1.75, 12.25, 2.75],
			"faces": {
				"north": {"uv": [6, 6, 11, 10], "rotation": 90, "texture": "#3"},
				"east": {"uv": [6, 6, 10, 10], "rotation": 90, "texture": "#3"},
				"south": {"uv": [6, 6, 11, 10], "rotation": 90, "texture": "#3"},
				"west": {"uv": [6, 6, 10, 10], "rotation": 90, "texture": "#3"},
				"up": {"uv": [6, 6, 9, 9], "rotation": 90, "texture": "#3"},
				"down": {"uv": [6, 6, 9, 9], "rotation": 90, "texture": "#3"}
			}
		},
		{
			"from": [1.25, 9.75, 2.25],
			"to": [1.75, 10.25, 2.75],
			"faces": {
				"north": {"uv": [6, 6, 11, 10], "rotation": 90, "texture": "#3"},
				"east": {"uv": [6, 6, 10, 10], "rotation": 90, "texture": "#3"},
				"south": {"uv": [6, 6, 11, 10], "rotation": 90, "texture": "#3"},
				"west": {"uv": [6, 6, 10, 10], "rotation": 90, "texture": "#3"},
				"up": {"uv": [6, 6, 9, 9], "rotation": 90, "texture": "#3"},
				"down": {"uv": [6, 6, 9, 9], "rotation": 90, "texture": "#3"}
			}
		},
		{
			"from": [1, 10.25, 2],
			"to": [2, 10.5, 3],
			"faces": {
				"north": {"uv": [6, 6, 11, 10], "rotation": 90, "texture": "#3"},
				"east": {"uv": [6, 6, 10, 10], "rotation": 90, "texture": "#3"},
				"south": {"uv": [6, 6, 11, 10], "rotation": 90, "texture": "#3"},
				"west": {"uv": [6, 6, 10, 10], "rotation": 90, "texture": "#3"},
				"up": {"uv": [6, 6, 9, 9], "rotation": 90, "texture": "#3"},
				"down": {"uv": [6, 6, 9, 9], "rotation": 90, "texture": "#3"}
			}
		},
		{
			"from": [0.5, 3.5, 1.75],
			"to": [2.5, 3.75, 3.25],
			"faces": {
				"north": {"uv": [6, 6, 9.5, 13.75], "texture": "#2"},
				"east": {"uv": [6, 6, 9.25, 13.75], "texture": "#2"},
				"south": {"uv": [6, 6, 9.5, 13.75], "texture": "#2"},
				"west": {"uv": [6, 6, 9.25, 13.75], "texture": "#2"},
				"up": {"uv": [6, 6, 9.25, 8.5], "rotation": 270, "texture": "#2"},
				"down": {"uv": [6, 6, 9.25, 8.5], "rotation": 90, "texture": "#2"}
			}
		},
		{
			"from": [0.75, 9.5, 1.5],
			"to": [2.25, 9.75, 3.5],
			"faces": {
				"north": {"uv": [6, 6, 9.5, 13.75], "texture": "#2"},
				"east": {"uv": [6, 6, 9.25, 13.75], "texture": "#2"},
				"south": {"uv": [6, 6, 9.5, 13.75], "texture": "#2"},
				"west": {"uv": [6, 6, 9.25, 13.75], "texture": "#2"},
				"up": {"uv": [6, 6, 9.25, 8.5], "rotation": 270, "texture": "#2"},
				"down": {"uv": [6, 6, 9.25, 8.5], "rotation": 90, "texture": "#2"}
			}
		},
		{
			"from": [0.5, 12.25, 1.75],
			"to": [2.5, 12.5, 3.25],
			"faces": {
				"north": {"uv": [6, 6, 9.5, 13.75], "texture": "#2"},
				"east": {"uv": [6, 6, 9.25, 13.75], "texture": "#2"},
				"south": {"uv": [6, 6, 9.5, 13.75], "texture": "#2"},
				"west": {"uv": [6, 6, 9.25, 13.75], "texture": "#2"},
				"up": {"uv": [6, 6, 9.25, 8.5], "rotation": 270, "texture": "#2"},
				"down": {"uv": [6, 6, 9.25, 8.5], "rotation": 90, "texture": "#2"}
			}
		},
		{
			"from": [0.75, 12.25, 1.5],
			"to": [2.25, 12.5, 3.5],
			"faces": {
				"north": {"uv": [6, 6, 9.5, 13.75], "texture": "#2"},
				"east": {"uv": [6, 6, 9.25, 13.75], "texture": "#2"},
				"south": {"uv": [6, 6, 9.5, 13.75], "texture": "#2"},
				"west": {"uv": [6, 6, 9.25, 13.75], "texture": "#2"},
				"up": {"uv": [6, 6, 9.25, 8.5], "rotation": 270, "texture": "#2"},
				"down": {"uv": [6, 6, 9.25, 8.5], "rotation": 90, "texture": "#2"}
			}
		},
		{
			"from": [0, 10.5, 1.25],
			"to": [3, 10.75, 3.75],
			"faces": {
				"north": {"uv": [6, 6, 9.5, 13.75], "texture": "#2"},
				"east": {"uv": [6, 6, 9.25, 13.75], "texture": "#2"},
				"south": {"uv": [6, 6, 9.5, 13.75], "texture": "#2"},
				"west": {"uv": [6, 6, 9.25, 13.75], "texture": "#2"},
				"up": {"uv": [6, 6, 9.25, 8.5], "rotation": 270, "texture": "#2"},
				"down": {"uv": [6, 6, 9.25, 8.5], "rotation": 90, "texture": "#2"}
			}
		},
		{
			"from": [0.25, 10.5, 1],
			"to": [2.75, 10.75, 4],
			"faces": {
				"north": {"uv": [6, 6, 9.5, 13.75], "texture": "#2"},
				"east": {"uv": [6, 6, 9.25, 13.75], "texture": "#2"},
				"south": {"uv": [6, 6, 9.5, 13.75], "texture": "#2"},
				"west": {"uv": [6, 6, 9.25, 13.75], "texture": "#2"},
				"up": {"uv": [6, 6, 9.25, 8.5], "rotation": 270, "texture": "#2"},
				"down": {"uv": [6, 6, 9.25, 8.5], "rotation": 90, "texture": "#2"}
			}
		},
		{
			"from": [0.5, 9.5, 1.75],
			"to": [2.5, 9.75, 3.25],
			"faces": {
				"north": {"uv": [6, 6, 9.5, 13.75], "texture": "#2"},
				"east": {"uv": [6, 6, 9.25, 13.75], "texture": "#2"},
				"south": {"uv": [6, 6, 9.5, 13.75], "texture": "#2"},
				"west": {"uv": [6, 6, 9.25, 13.75], "texture": "#2"},
				"up": {"uv": [6, 6, 9.25, 8.5], "rotation": 270, "texture": "#2"},
				"down": {"uv": [6, 6, 9.25, 8.5], "rotation": 90, "texture": "#2"}
			}
		},
		{
			"from": [1.25, 3.7, 3],
			"to": [1.75, 9.7, 3.25],
			"faces": {
				"east": {"uv": [6, 6, 9.25, 13.75], "texture": "#0"},
				"south": {"uv": [6, 6, 9.5, 13.75], "texture": "#0"},
				"west": {"uv": [6, 6, 9.25, 13.75], "texture": "#0"},
				"down": {"uv": [6, 6, 9.25, 8.5], "rotation": 90, "texture": "#0"}
			}
		},
		{
			"from": [1.75, 3.7, 2.75],
			"to": [2, 9.7, 3],
			"faces": {
				"east": {"uv": [6, 6, 9.25, 14], "texture": "#0"},
				"south": {"uv": [6, 6, 9.25, 14], "texture": "#0"},
				"down": {"uv": [6, 6, 9.25, 8.25], "texture": "#0"}
			}
		},
		{
			"from": [2, 3.7, 2.25],
			"to": [2.25, 9.7, 2.75],
			"faces": {
				"north": {"uv": [6, 6, 9.25, 13.75], "texture": "#0"},
				"east": {"uv": [6, 6, 9.5, 13.75], "texture": "#0"},
				"south": {"uv": [6, 6, 9.25, 13.75], "texture": "#0"},
				"down": {"uv": [6, 6, 9.25, 8.5], "texture": "#0"}
			}
		},
		{
			"from": [1.75, 3.7, 2],
			"to": [2, 9.7, 2.25],
			"faces": {
				"north": {"uv": [6, 6, 9.25, 14], "texture": "#0"},
				"east": {"uv": [6, 6, 9.25, 14], "texture": "#0"},
				"down": {"uv": [6, 6, 9.25, 8.25], "texture": "#0"}
			}
		},
		{
			"from": [1.25, 3.7, 1.75],
			"to": [1.75, 9.7, 2],
			"faces": {
				"north": {"uv": [6, 6, 9.5, 13.75], "texture": "#0"},
				"east": {"uv": [6, 6, 9.25, 13.75], "texture": "#0"},
				"west": {"uv": [6, 6, 9.25, 13.75], "texture": "#0"},
				"down": {"uv": [6, 6, 9.25, 8.5], "rotation": 90, "texture": "#0"}
			}
		},
		{
			"from": [1, 3.7, 2],
			"to": [1.25, 9.7, 2.25],
			"faces": {
				"north": {"uv": [6, 6, 9.25, 14], "texture": "#0"},
				"west": {"uv": [6, 6, 9.25, 14], "texture": "#0"},
				"down": {"uv": [6, 6, 9.25, 8.25], "texture": "#0"}
			}
		},
		{
			"from": [0.75, 3.7, 2.25],
			"to": [1, 9.7, 2.75],
			"faces": {
				"north": {"uv": [6, 6, 9.25, 13.75], "texture": "#0"},
				"south": {"uv": [6, 6, 9.25, 13.75], "texture": "#0"},
				"west": {"uv": [6, 6, 9.5, 13.75], "texture": "#0"},
				"down": {"uv": [6, 6, 9.25, 8.5], "texture": "#0"}
			}
		},
		{
			"from": [1, 3.7, 2.75],
			"to": [1.25, 9.7, 3],
			"faces": {
				"south": {"uv": [6, 6, 9.25, 14], "texture": "#0"},
				"west": {"uv": [6, 6, 9.25, 14], "texture": "#0"},
				"down": {"uv": [6, 6, 9.25, 8.25], "texture": "#0"}
			}
		}
	],
	"gui_light": "front",
	"display": {
		"thirdperson_righthand": {
			"rotation": [71, 0, -34],
			"translation": [4, -3.75, 0.25],
			"scale": [0.7, 0.71, 0.71]
		},
		"thirdperson_lefthand": {
			"rotation": [71, 0, -34],
			"translation": [-3.25, -2.25, 4.5],
			"scale": [0.71, 0.71, 0.71]
		},
		"firstperson_righthand": {
			"rotation": [0, 6, -27],
			"translation": [17, -0.25, 3.5],
			"scale": [1.6, 1.6, 1.6]
		},
		"firstperson_lefthand": {
			"rotation": [0, 6, -18],
			"translation": [-2.25, 7.25, 4.5],
			"scale": [1.6, 1.6, 1.6]
		},
		"ground": {
			"translation": [8.25, 8.25, 6.75],
			"scale": [1.25, 1.25, 1.25]
		},
		"gui": {
			"rotation": [0, 0, 45],
			"translation": [7.75, 9, 0],
			"scale": [1.81, 1.81, 1.81]
		},
		"head": {
			"rotation": [0, 0, -45],
			"translation": [11, 6.5, 10.5],
			"scale": [2, 2, 2]
		},
		"fixed": {
			"rotation": [0, 0, -45],
			"translation": [14.25, -12.5, 12.25],
			"scale": [3, 3, 3]
		}
	},
	"groups": [
		0,
		{
			"name": "tube",
			"origin": [0, 0, 0],
			"color": 0,
			"children": []
		},
		{
			"name": "needle",
			"origin": [0, 0, 0],
			"color": 0,
			"children": [1, 2, 3, 4, 5, 6, 7, 8, 9, 10, 11, 12]
		},
		13,
		14,
		15,
		16,
		17,
		18,
		19,
		20
	]
}