{
	"credit": "Made with Blockbench",
	"textures": {
		"0": "block/brown_mushroom_block",
		"1": "item/globe_banner_pattern",
		"2": "block/white_stained_glass",
		"particle": "block/white_stained_glass"
	},
	"elements": [
		{
			"from": [0.875, 0.375, 1.75],
			"to": [1.625, 1.125, 4.75],
			"faces": {
				"north": {"uv": [7, 3, 10, 6], "texture": "#1"},
				"east": {"uv": [3, 6, 13, 9], "texture": "#1"},
				"south": {"uv": [7, 3, 10, 6], "texture": "#1"},
				"west": {"uv": [3, 6, 13, 9], "texture": "#1"},
				"up": {"uv": [5, 3, 8, 13], "texture": "#1"},
				"down": {"uv": [5, 3, 8, 13], "texture": "#1"}
			}
		},
		{
			"from": [1, 0.5, 0.25],
			"to": [1.5, 1, 1],
			"faces": {
				"north": {"uv": [10, 10, 13, 13], "texture": "#0"},
				"east": {"uv": [10, 10, 14, 13], "texture": "#0"},
				"south": {"uv": [10, 10, 13, 13], "texture": "#0"},
				"west": {"uv": [10, 10, 14, 13], "texture": "#0"},
				"up": {"uv": [10, 10, 13, 14], "texture": "#0"},
				"down": {"uv": [10, 10, 13, 14], "texture": "#0"}
			}
		},
		{
			"from": [0.5, 0.25, 1.5],
			"to": [0.75, 1.25, 4.75],
			"faces": {
				"north": {"uv": [4, 6, 4.40385, 7.61538], "texture": "#2"},
				"south": {"uv": [4, 6, 5.40385, 7.61538], "texture": "#2"},
				"west": {"uv": [3, 5, 10.25, 7.61538], "texture": "#2"},
				"up": {"uv": [8, 6, 10, 9], "texture": "#2"},
				"down": {"uv": [4, 6, 4.40385, 11.25], "texture": "#2"}
			}
		},
		{
			"from": [1.75, 0.25, 1.5],
			"to": [2, 1.25, 4.75],
			"faces": {
				"north": {"uv": [4, 6, 4.40385, 7.61538], "texture": "#2"},
				"east": {"uv": [4, 5, 9.25, 7.61538], "texture": "#2"},
				"south": {"uv": [4, 6, 5.40385, 7.61538], "texture": "#2"},
				"up": {"uv": [4, 6, 4.40385, 11.25], "texture": "#2"},
				"down": {"uv": [4, 6, 4.40385, 11.25], "texture": "#2"}
			}
		},
		{
			"from": [0.75, 1.25, 2],
			"to": [1.75, 1.5, 4.75],
			"faces": {
				"north": {"uv": [4, 6, 5.61538, 6.40385], "texture": "#2"},
				"east": {"uv": [4, 5, 8.44231, 6.40385], "texture": "#2"},
				"south": {"uv": [4, 6, 6.61538, 6.40385], "texture": "#2"},
				"west": {"uv": [3, 5, 9.44231, 6.40385], "texture": "#2"},
				"up": {"uv": [4, 6, 5.61538, 10.44231], "texture": "#2"}
			}
		},
		{
			"from": [0.75, 0, 2],
			"to": [1.75, 0.25, 4.75],
			"faces": {
				"north": {"uv": [4, 6, 5.61538, 6.40385], "texture": "#2"},
				"east": {"uv": [4, 5, 8.44231, 6.40385], "texture": "#2"},
				"south": {"uv": [4, 6, 6.61538, 6.40385], "texture": "#2"},
				"west": {"uv": [3, 5, 9.44231, 6.40385], "texture": "#2"},
				"down": {"uv": [4, 6, 5.61538, 10.44231], "texture": "#2"}
			}
		},
		{
			"from": [0.75, 0.25, 4.75],
			"to": [1.75, 1.25, 5],
			"faces": {
				"east": {"uv": [4, 5, 4.40385, 7.61538], "texture": "#2"},
				"south": {"uv": [4, 6, 6.61538, 7.61538], "texture": "#2"},
				"west": {"uv": [3, 5, 5.40385, 7.61538], "texture": "#2"},
				"up": {"uv": [4, 6, 5.61538, 6.40385], "texture": "#2"},
				"down": {"uv": [4, 6, 5.61538, 6.40385], "texture": "#2"}
			}
		},
		{
			"from": [0.75, 0.35, 1.7],
			"to": [1.75, 0.625, 2.45],
			"rotation": {"angle": -22.5, "axis": "x", "origin": [0, 0, 0]},
			"faces": {
				"north": {"uv": [5, 4, 7, 7], "texture": "#2"},
				"east": {"uv": [9, 9, 10.21154, 10.40385], "texture": "#2"},
				"south": {"uv": [5, 4, 8, 7], "texture": "#2"},
				"west": {"uv": [8, 9, 11.21154, 10.40385], "texture": "#2"},
				"up": {"uv": [9, 10, 10.61538, 11.21154], "texture": "#2"},
				"down": {"uv": [5, 4, 7, 7], "texture": "#2"}
			}
		},
		{
			"from": [0.75, 0.75, 1.1],
			"to": [1.75, 1.025, 1.85],
			"rotation": {"angle": 22.5, "axis": "x", "origin": [0, 0, 0]},
			"faces": {
				"north": {"uv": [5, 4, 6, 6], "texture": "#2"},
				"east": {"uv": [9, 9, 11.21154, 12.40385], "texture": "#2"},
				"south": {"uv": [9, 10, 12.61538, 12.40385], "texture": "#2"},
				"west": {"uv": [8, 9, 12.21154, 12.40385], "texture": "#2"},
				"up": {"uv": [5, 4, 6, 6], "texture": "#2"},
				"down": {"uv": [5, 4, 6, 6], "texture": "#2"}
			}
		},
		{
			"from": [1.5, 0.45, 0.625],
			"to": [1.75, 1, 1.5],
			"faces": {
				"east": {"uv": [4, 5, 5.41346, 6.88846], "texture": "#2"},
				"south": {"uv": [4, 6, 5.40385, 6.88846], "texture": "#2"},
				"up": {"uv": [4, 6, 4.40385, 7.41346], "texture": "#2"},
				"down": {"uv": [4, 6, 4.40385, 7.41346], "texture": "#2"}
			}
		},
		{
			"from": [0.75, 0.45, 0.625],
			"to": [1, 1, 1.5],
			"faces": {
				"south": {"uv": [4, 6, 5.40385, 6.88846], "texture": "#2"},
				"west": {"uv": [3, 5, 6.41346, 6.88846], "texture": "#2"},
				"up": {"uv": [4, 6, 4.40385, 7.41346], "texture": "#2"},
				"down": {"uv": [4, 6, 4.40385, 7.41346], "texture": "#2"}
			}
		},
		{
			"from": [1, 1, 0.625],
			"to": [1.5, 1.225, 1.5],
			"faces": {
				"east": {"uv": [4, 5, 5.41346, 6.40385], "texture": "#2"},
				"south": {"uv": [4, 6, 5.80769, 6.40385], "texture": "#2"},
				"west": {"uv": [3, 5, 6.41346, 6.40385], "texture": "#2"},
				"up": {"uv": [4, 6, 4.80769, 7.41346], "texture": "#2"}
			}
		},
		{
			"from": [1, 0.275, 0.625],
			"to": [1.5, 0.5, 1.5],
			"faces": {
				"east": {"uv": [4, 5, 5.41346, 6.40385], "texture": "#2"},
				"south": {"uv": [4, 6, 5.80769, 6.40385], "texture": "#2"},
				"west": {"uv": [3, 5, 6.41346, 6.40385], "texture": "#2"},
				"down": {"uv": [4, 6, 4.80769, 7.41346], "texture": "#2"}
			}
		},
		{
			"from": [0.75, 0.25, 0.625],
			"to": [1.75, 1.25, 0.875],
			"faces": {
				"north": {"uv": [4, 6, 5.61538, 7.61538], "texture": "#2"},
				"east": {"uv": [4, 5, 4.40385, 7.61538], "texture": "#2"},
				"south": {"uv": [4, 6, 6.61538, 7.61538], "texture": "#2"},
				"west": {"uv": [3, 5, 5.40385, 7.61538], "texture": "#2"},
				"up": {"uv": [4, 6, 5.61538, 6.40385], "texture": "#2"},
				"down": {"uv": [4, 6, 5.61538, 6.40385], "texture": "#2"}
			}
		}
	],
	"display": {
		"thirdperson_righthand": {
			"rotation": [121, 0, 0],
			"translation": [13.5, -14.75, 7.75],
			"scale": [2, 2, 2]
		},
		"thirdperson_lefthand": {
			"rotation": [117, 0, 0],
			"translation": [-13.5, -14.25, 9],
			"scale": [2, 2, 2]
		},
		"firstperson_righthand": {
			"rotation": [72, 0, 0],
			"translation": [36, -13, 24],
			"scale": [4, 4, 4]
		},
		"firstperson_lefthand": {
			"rotation": [72, 0, 0],
			"translation": [-14, -14, 20],
			"scale": [4, 4, 4]
		},
		"ground": {
			"translation": [20.25, 20.5, 15.25],
			"scale": [3, 3, 3]
		},
		"gui": {
			"rotation": [90, 43, 39],
			"translation": [16, -13, 0.5],
			"scale": [3.9, 3.9, 3.9]
		},
		"head": {
			"rotation": [0, -27, 0],
			"translation": [16, 38, 28],
			"scale": [4, 4, 4]
		},
		"fixed": {
			"rotation": [90, -41, 0],
			"translation": [6.75, -32.75, 27.25],
			"scale": [4, 4, 4]
		}
	},
	"groups": [
		0,
		1,
		{
			"name": "glass",
			"origin": [0, 0, 0],
			"color": 0,
			"children": [2, 3, 4, 5, 6, 7, 8, 9, 10, 11, 12, 13]
		}
	]
}