{
	"credit": "Made with Blockbench",
	"textures": {
		"0": "entity/warden/warden",
		"particle": "block/stone"
	},
	"elements": [
		{
			"from": [0, 0, 0],
			"to": [8, 8, 0],
			"faces": {
				"north": {"uv": [7.25, 0.75, 8.5, 2], "texture": "#0"},
				"east": {"uv": [0, 0, 0.25, 4], "texture": "#missing"},
				"south": {"uv": [8.5, 0.75, 7.25, 2], "texture": "#0"},
				"west": {"uv": [0, 0, 0.25, 4], "texture": "#missing"},
				"up": {"uv": [0, 0, 4, 0.25], "texture": "#missing"},
				"down": {"uv": [0, 0, 4, 0.25], "texture": "#missing"}
			}
		},
		{
			"from": [12, 0, 0],
			"to": [20, 8, 0],
			"faces": {
				"north": {"uv": [8.5, 0.75, 7.25, 2], "texture": "#0"},
				"east": {"uv": [0, 0, 0.25, 4], "texture": "#missing"},
				"south": {"uv": [7.25, 0.75, 8.5, 2], "texture": "#0"},
				"west": {"uv": [0, 0, 0.25, 4], "texture": "#missing"},
				"up": {"uv": [0, 0, 4, 0.25], "texture": "#missing"},
				"down": {"uv": [0, 0, 4, 0.25], "texture": "#missing"}
			}
		}
	],
	"gui_light": "front",
	"display": {
		"thirdperson_righthand": {
			"translation": [-8, 4.75, 7.75]
		},
		"thirdperson_lefthand": {
			"translation": [-4, 4.75, 7.75]
		},
		"firstperson_righthand": {
			"translation": [-14, 8, 6.5],
			"scale": [2, 2, 2]
		},
		"firstperson_lefthand": {
			"translation": [-4.75, 8, 6.5],
			"scale": [2, 2, 2]
		},
		"ground": {
			"translation": [-1.75, 4.25, 7]
		},
		"gui": {
			"translation": [-1.6, 3.25, 0],
			"scale": [0.8, 0.8, 0.8]
		},
		"head": {
			"translation": [-4, 12.65, 16.5],
			"scale": [2, 2, 2]
		},
		"fixed": {
			"translation": [-1.8, 3, 7.5],
			"scale": [0.9, 0.9, 0.9]
		}
	}
}