{
	"credit": "Made with Blockbench",
	"textures": {
		"4": "block/white_wool",
		"8": "custom/playingcardback",
		"9": "block/red_wool",
		"10": "block/barrel_top_open",
		"particle": "block/white_wool"
	},
	"elements": [
		{
			"from": [4.25, 7.25, 2.5],
			"to": [4.5, 8.5, 4.25],
			"rotation": {"angle": 0, "axis": "y", "origin": [0, 6.75, 0]},
			"faces": {
				"north": {"uv": [4, 4, 5.25, 6.25], "texture": "#9"},
				"east": {"uv": [2, 0, 4, 6], "rotation": 90, "texture": "#9"},
				"south": {"uv": [4, 4, 5.25, 6.25], "texture": "#9"},
				"west": {"uv": [2, 0, 4, 6], "rotation": 90, "texture": "#9"},
				"up": {"uv": [4, 4, 5.25, 7], "texture": "#9"},
				"down": {"uv": [4, 4, 5.25, 7], "texture": "#9"}
			}
		},
		{
			"from": [4.25, 8.5, 1.75],
			"to": [4.5, 9.5, 4.75],
			"rotation": {"angle": 0, "axis": "y", "origin": [0, 6.75, 0]},
			"faces": {
				"north": {"uv": [4, 4, 5.25, 7], "texture": "#9"},
				"east": {"uv": [0, 6, 2, 16], "rotation": 90, "texture": "#9"},
				"south": {"uv": [4, 4, 5.25, 7], "texture": "#9"},
				"west": {"uv": [0, 6, 2, 16], "rotation": 90, "texture": "#9"},
				"up": {"uv": [4, 4, 5.25, 7.75], "texture": "#9"},
				"down": {"uv": [4, 4, 5.25, 7.75], "texture": "#9"}
			}
		},
		{
			"from": [1, 7.25, 2.5],
			"to": [1.25, 8.5, 4.25],
			"rotation": {"angle": 0, "axis": "y", "origin": [0, 6.75, 0]},
			"faces": {
				"north": {"uv": [4, 4, 5.25, 6.25], "texture": "#9"},
				"east": {"uv": [2, 0, 4, 6], "rotation": 90, "texture": "#9"},
				"south": {"uv": [4, 4, 5.25, 6.25], "texture": "#9"},
				"west": {"uv": [2, 0, 4, 6], "rotation": 90, "texture": "#9"},
				"up": {"uv": [4, 4, 5.25, 7], "texture": "#9"},
				"down": {"uv": [4, 4, 5.25, 7], "texture": "#9"}
			}
		},
		{
			"from": [1.25, 10.5, 1.5],
			"to": [4.25, 11.25, 4.5],
			"rotation": {"angle": 0, "axis": "y", "origin": [0, 6.75, 0]},
			"faces": {
				"north": {"uv": [12, 0.6, 15.2, 15.4], "rotation": 90, "texture": "#8"},
				"east": {"uv": [12, 0.6, 15.2, 15.4], "rotation": 90, "texture": "#8"},
				"south": {"uv": [12, 0.6, 15.2, 15.4], "rotation": 90, "texture": "#8"},
				"west": {"uv": [12, 0.6, 15.2, 15.4], "rotation": 90, "texture": "#8"},
				"up": {"uv": [0, 0, 13, 13], "texture": "#9"},
				"down": {"uv": [0, 0, 13, 13], "texture": "#9"}
			}
		},
		{
			"from": [1, 10.5, 1.5],
			"to": [1.25, 11.25, 3],
			"rotation": {"angle": 0, "axis": "y", "origin": [0, 6.75, 0]},
			"faces": {
				"north": {"uv": [7, 4, 8, 7], "texture": "#9"},
				"east": {"uv": [4, 4, 7.5, 5.25], "texture": "#9"},
				"south": {"uv": [7, 4, 8, 7], "texture": "#9"},
				"west": {"uv": [12, 8, 15.1, 15.45], "rotation": 90, "texture": "#8"},
				"up": {"uv": [7, 2, 8, 9], "texture": "#9"},
				"down": {"uv": [7, 2, 8, 13], "texture": "#9"}
			}
		},
		{
			"from": [4.25, 10.5, 1.5],
			"to": [4.5, 11.25, 3],
			"rotation": {"angle": 0, "axis": "y", "origin": [0, 6.75, 0]},
			"faces": {
				"north": {"uv": [7, 4, 8, 7], "texture": "#9"},
				"east": {"uv": [12, 0.6, 15.1, 8.05], "rotation": 90, "texture": "#8"},
				"south": {"uv": [7, 4, 8, 7], "texture": "#9"},
				"west": {"uv": [4, 4, 7.5, 5.25], "texture": "#9"},
				"up": {"uv": [7, 2, 8, 9], "texture": "#9"},
				"down": {"uv": [7, 2, 8, 9], "texture": "#9"}
			}
		},
		{
			"from": [1.5, 11.25, 2],
			"to": [4, 11.75, 4.25],
			"rotation": {"angle": 0, "axis": "y", "origin": [0, 6.75, 0]},
			"faces": {
				"north": {"uv": [5, 9, 11.2, 13], "texture": "#8"},
				"east": {"uv": [5, 9, 11.2, 13], "texture": "#8"},
				"south": {"uv": [5, 9, 11.2, 13], "texture": "#8"},
				"west": {"uv": [5, 9, 11.2, 13], "texture": "#8"},
				"up": {"uv": [3, 3, 13, 12], "texture": "#9"},
				"down": {"uv": [3, 3, 13, 12], "texture": "#9"}
			}
		},
		{
			"from": [2, 11.25, 1.75],
			"to": [3.5, 11.75, 2],
			"rotation": {"angle": 0, "axis": "y", "origin": [0, 6.75, 0]},
			"faces": {
				"north": {"uv": [5.6, 6.6, 10.4, 9.45], "texture": "#8"},
				"east": {"uv": [7, 4, 8, 6], "texture": "#9"},
				"south": {"uv": [4, 4, 8, 5.25], "texture": "#9"},
				"west": {"uv": [7, 4, 8, 6], "texture": "#9"},
				"up": {"uv": [7, 4, 13, 5], "texture": "#9"},
				"down": {"uv": [7, 4, 13, 5], "texture": "#9"}
			}
		},
		{
			"from": [2, 11.75, 2.5],
			"to": [3.5, 12, 4],
			"rotation": {"angle": 0, "axis": "y", "origin": [0, 6.75, 0]},
			"faces": {
				"north": {"uv": [8, 6, 14, 7], "texture": "#9"},
				"east": {"uv": [8, 6, 14, 7], "texture": "#9"},
				"south": {"uv": [8, 6, 14, 7], "texture": "#9"},
				"west": {"uv": [8, 6, 14, 7], "texture": "#9"},
				"up": {"uv": [4, 4, 10, 10], "texture": "#9"},
				"down": {"uv": [4, 4, 8, 7.5], "texture": "#9"}
			}
		},
		{
			"from": [1, 8.5, 1.75],
			"to": [1.25, 9.5, 4.75],
			"rotation": {"angle": 0, "axis": "y", "origin": [0, 6.75, 0]},
			"faces": {
				"north": {"uv": [4, 4, 5.25, 7], "texture": "#9"},
				"east": {"uv": [0, 6, 2, 16], "rotation": 90, "texture": "#9"},
				"south": {"uv": [4, 4, 5.25, 7], "texture": "#9"},
				"west": {"uv": [0, 6, 2, 16], "rotation": 90, "texture": "#9"},
				"up": {"uv": [4, 4, 5.25, 7.75], "texture": "#9"},
				"down": {"uv": [4, 4, 5.25, 7.75], "texture": "#9"}
			}
		},
		{
			"from": [1, 9.5, 1.5],
			"to": [1.25, 10.5, 4.75],
			"rotation": {"angle": 0, "axis": "y", "origin": [0, 6.75, 0]},
			"faces": {
				"north": {"uv": [4, 4, 14, 9], "texture": "#9"},
				"east": {"uv": [0, 0, 2, 11], "rotation": 90, "texture": "#9"},
				"south": {"uv": [4, 4, 5.25, 7], "texture": "#9"},
				"west": {"uv": [0, 0, 2, 11], "rotation": 90, "texture": "#9"},
				"up": {"uv": [7, 2, 8, 13], "texture": "#9"},
				"down": {"uv": [7, 2, 8, 13], "texture": "#9"}
			}
		},
		{
			"from": [4.25, 9.5, 1.5],
			"to": [4.5, 10.5, 4.75],
			"rotation": {"angle": 0, "axis": "y", "origin": [0, 6.75, 0]},
			"faces": {
				"north": {"uv": [4, 4, 14, 9], "texture": "#9"},
				"east": {"uv": [0, 0, 2, 11], "rotation": 90, "texture": "#9"},
				"south": {"uv": [4, 4, 5.25, 7], "texture": "#9"},
				"west": {"uv": [0, 0, 2, 11], "rotation": 90, "texture": "#9"},
				"up": {"uv": [7, 2, 8, 13], "texture": "#9"},
				"down": {"uv": [7, 2, 8, 13], "texture": "#9"}
			}
		},
		{
			"from": [1.25, 8.5, 4.5],
			"to": [4.25, 10.5, 4.75],
			"rotation": {"angle": 0, "axis": "x", "origin": [0, 6.75, 0]},
			"faces": {
				"north": {"uv": [7, 10, 16, 16], "rotation": 180, "texture": "#9"},
				"east": {"uv": [4, 4, 7, 5.25], "rotation": 270, "texture": "#9"},
				"south": {"uv": [0, 6, 4, 16], "rotation": 90, "texture": "#9"},
				"west": {"uv": [4, 4, 7, 5.25], "rotation": 90, "texture": "#9"},
				"up": {"uv": [6, 4, 16, 5], "texture": "#9"},
				"down": {"uv": [6, 4, 16, 5], "texture": "#9"}
			}
		},
		{
			"from": [1.5, 8.25, 4.5],
			"to": [4, 8.5, 4.75],
			"rotation": {"angle": 0, "axis": "y", "origin": [0, 6.75, 0]},
			"faces": {
				"north": {"uv": [6, 4, 14, 5], "rotation": 180, "texture": "#9"},
				"east": {"uv": [4, 4, 5.75, 5.25], "rotation": 270, "texture": "#9"},
				"south": {"uv": [4, 5, 12, 6], "texture": "#9"},
				"west": {"uv": [4, 4, 5.75, 5.25], "rotation": 90, "texture": "#9"},
				"up": {"uv": [4, 4, 7.5, 5.25], "rotation": 180, "texture": "#9"},
				"down": {"uv": [4, 4, 7.5, 5.25], "texture": "#9"}
			}
		},
		{
			"from": [0.75, 8.5, 1.75],
			"to": [1, 8.75, 2.25],
			"rotation": {"angle": 0, "axis": "y", "origin": [0, 6.75, 0]},
			"faces": {
				"north": {"uv": [5, 3, 6, 4], "texture": "#10"},
				"east": {"uv": [4, 3, 6, 4], "texture": "#10"},
				"south": {"uv": [5, 3, 6, 4], "texture": "#10"},
				"west": {"uv": [4, 3, 6, 4], "texture": "#10"},
				"up": {"uv": [4, 3, 6, 4], "texture": "#10"},
				"down": {"uv": [4, 3, 6, 4], "texture": "#10"}
			}
		},
		{
			"from": [1, 9, 1.25],
			"to": [4.5, 10.5, 1.5],
			"rotation": {"angle": 0, "axis": "y", "origin": [0, 6.75, 0]},
			"faces": {
				"north": {"uv": [3, 1, 13, 6], "texture": "#10"},
				"east": {"uv": [4, 4, 7.5, 5.25], "texture": "#10"},
				"south": {"uv": [6, 1, 11, 4.25], "texture": "#10"},
				"west": {"uv": [4, 4, 7.5, 5.25], "texture": "#10"},
				"up": {"uv": [1, 1, 6, 2], "texture": "#10"},
				"down": {"uv": [4, 4, 8, 7.5], "texture": "#10"}
			}
		},
		{
			"from": [1.5, 10.5, 1.25],
			"to": [4, 11, 1.5],
			"rotation": {"angle": 0, "axis": "y", "origin": [0, 6.75, 0]},
			"faces": {
				"north": {"uv": [1, 0, 8, 2], "texture": "#10"},
				"east": {"uv": [2, 3, 3, 5], "texture": "#10"},
				"south": {"uv": [1, 1, 6, 2], "texture": "#10"},
				"west": {"uv": [2, 3, 3, 5], "texture": "#10"},
				"up": {"uv": [2, 2, 3, 3], "texture": "#10"},
				"down": {"uv": [2, 2, 3, 3], "texture": "#10"}
			}
		},
		{
			"from": [0.75, 9.5, 1.25],
			"to": [1, 10.5, 1.5],
			"rotation": {"angle": 0, "axis": "y", "origin": [0, 6.75, 0]},
			"faces": {
				"north": {"uv": [2, 3, 3, 7], "texture": "#10"},
				"east": {"uv": [2, 3, 3, 5], "texture": "#10"},
				"south": {"uv": [2, 3, 3, 7], "texture": "#10"},
				"west": {"uv": [2, 3, 3, 5], "texture": "#10"},
				"up": {"uv": [2, 2, 3, 3], "texture": "#10"},
				"down": {"uv": [2, 2, 3, 3], "texture": "#10"}
			}
		},
		{
			"from": [4.5, 9.5, 1.25],
			"to": [4.75, 10.5, 1.5],
			"rotation": {"angle": 0, "axis": "y", "origin": [0, 6.75, 0]},
			"faces": {
				"north": {"uv": [2, 3, 3, 7], "texture": "#10"},
				"east": {"uv": [2, 3, 3, 5], "texture": "#10"},
				"south": {"uv": [2, 3, 3, 7], "texture": "#10"},
				"west": {"uv": [2, 3, 3, 5], "texture": "#10"},
				"up": {"uv": [2, 2, 3, 3], "texture": "#10"},
				"down": {"uv": [2, 2, 3, 3], "texture": "#10"}
			}
		},
		{
			"from": [0.75, 8.75, 1.5],
			"to": [1, 9.5, 1.75],
			"rotation": {"angle": 0, "axis": "y", "origin": [0, 6.75, 0]},
			"faces": {
				"north": {"uv": [3, 4, 4, 7], "texture": "#10"},
				"east": {"uv": [3, 4, 4, 7], "texture": "#10"},
				"south": {"uv": [3, 4, 4, 7], "texture": "#10"},
				"west": {"uv": [3, 4, 4, 7], "texture": "#10"},
				"up": {"uv": [3, 3, 4, 4], "texture": "#10"},
				"down": {"uv": [3, 5, 4, 6], "texture": "#10"}
			}
		},
		{
			"from": [4.5, 8.5, 4.5],
			"to": [4.75, 8.75, 5],
			"rotation": {"angle": 0, "axis": "y", "origin": [0, 6.75, 0]},
			"faces": {
				"north": {"uv": [2, 4, 3, 5], "texture": "#10"},
				"east": {"uv": [2, 4, 4, 5], "texture": "#10"},
				"south": {"uv": [3, 4, 4, 5], "texture": "#10"},
				"west": {"uv": [2, 4, 4, 5], "texture": "#10"},
				"up": {"uv": [2, 4, 3, 6], "texture": "#10"},
				"down": {"uv": [2, 4, 3, 6], "texture": "#10"}
			}
		},
		{
			"from": [4.5, 7.25, 4.25],
			"to": [4.75, 8.5, 4.5],
			"rotation": {"angle": 0, "axis": "y", "origin": [0, 6.75, 0]},
			"faces": {
				"north": {"uv": [4, 2, 5, 6], "texture": "#10"},
				"east": {"uv": [4, 2, 5, 6], "texture": "#10"},
				"south": {"uv": [4, 2, 5, 6], "texture": "#10"},
				"west": {"uv": [4, 2, 5, 6], "texture": "#10"},
				"up": {"uv": [4, 2, 5, 3], "texture": "#10"},
				"down": {"uv": [4, 8, 5, 9], "texture": "#10"}
			}
		},
		{
			"from": [4.5, 7.25, 2.25],
			"to": [4.75, 8.5, 2.5],
			"rotation": {"angle": 0, "axis": "y", "origin": [0, 6.75, 0]},
			"faces": {
				"north": {"uv": [4, 8, 5, 12], "texture": "#10"},
				"east": {"uv": [4, 8, 5, 12], "texture": "#10"},
				"south": {"uv": [4, 8, 5, 12], "texture": "#10"},
				"west": {"uv": [4, 8, 5, 12], "texture": "#10"},
				"up": {"uv": [4, 8, 5, 9], "texture": "#10"},
				"down": {"uv": [4, 8, 5, 9], "texture": "#10"}
			}
		},
		{
			"from": [4.5, 8.5, 1.75],
			"to": [4.75, 8.75, 2.25],
			"rotation": {"angle": 0, "axis": "y", "origin": [0, 6.75, 0]},
			"faces": {
				"north": {"uv": [5, 3, 6, 4], "texture": "#10"},
				"east": {"uv": [4, 3, 6, 4], "texture": "#10"},
				"south": {"uv": [5, 3, 6, 4], "texture": "#10"},
				"west": {"uv": [4, 3, 6, 4], "texture": "#10"},
				"up": {"uv": [4, 3, 6, 4], "texture": "#10"},
				"down": {"uv": [4, 3, 6, 4], "texture": "#10"}
			}
		},
		{
			"from": [4.5, 8.75, 1.5],
			"to": [4.75, 9.5, 1.75],
			"rotation": {"angle": 0, "axis": "y", "origin": [0, 6.75, 0]},
			"faces": {
				"north": {"uv": [3, 4, 4, 7], "texture": "#10"},
				"east": {"uv": [3, 4, 4, 7], "texture": "#10"},
				"south": {"uv": [3, 4, 4, 7], "texture": "#10"},
				"west": {"uv": [3, 4, 4, 7], "texture": "#10"},
				"up": {"uv": [3, 3, 4, 4], "texture": "#10"},
				"down": {"uv": [3, 5, 4, 6], "texture": "#10"}
			}
		},
		{
			"from": [0.75, 7.25, 2.25],
			"to": [1, 8.5, 2.5],
			"rotation": {"angle": 0, "axis": "y", "origin": [0, 6.75, 0]},
			"faces": {
				"north": {"uv": [4, 8, 5, 12], "texture": "#10"},
				"east": {"uv": [4, 8, 5, 12], "texture": "#10"},
				"south": {"uv": [4, 8, 5, 12], "texture": "#10"},
				"west": {"uv": [4, 8, 5, 12], "texture": "#10"},
				"up": {"uv": [4, 8, 5, 9], "texture": "#10"},
				"down": {"uv": [4, 8, 5, 9], "texture": "#10"}
			}
		},
		{
			"from": [0.75, 7, 3.475],
			"to": [1, 7.25, 4.25],
			"rotation": {"angle": 0, "axis": "y", "origin": [0, 6.75, 0]},
			"faces": {
				"north": {"uv": [5, 2, 6, 3], "texture": "#10"},
				"east": {"uv": [4, 2, 7, 3], "texture": "#10"},
				"south": {"uv": [5, 2, 6, 3], "texture": "#10"},
				"west": {"uv": [4, 2, 7, 3], "texture": "#10"},
				"up": {"uv": [4, 1, 5, 4], "texture": "#10"},
				"down": {"uv": [4, 1, 5, 4], "texture": "#10"}
			}
		},
		{
			"from": [4.5, 7, 2.475],
			"to": [4.75, 7.25, 2.975],
			"rotation": {"angle": 0, "axis": "y", "origin": [0, 6.75, 0]},
			"faces": {
				"north": {"uv": [3, 12, 4, 13], "texture": "#10"},
				"east": {"uv": [3, 12, 5, 13], "texture": "#10"},
				"south": {"uv": [4, 12, 5, 13], "texture": "#10"},
				"west": {"uv": [3, 12, 5, 13], "texture": "#10"},
				"up": {"uv": [3, 3, 4, 5], "texture": "#10"},
				"down": {"uv": [3, 3, 4, 5], "texture": "#10"}
			}
		},
		{
			"from": [4.5, 7, 3.475],
			"to": [4.75, 7.25, 4.25],
			"rotation": {"angle": 0, "axis": "y", "origin": [0, 6.75, 0]},
			"faces": {
				"north": {"uv": [5, 2, 6, 3], "texture": "#10"},
				"east": {"uv": [4, 2, 7, 3], "texture": "#10"},
				"south": {"uv": [5, 2, 6, 3], "texture": "#10"},
				"west": {"uv": [4, 2, 7, 3], "texture": "#10"},
				"up": {"uv": [4, 1, 5, 4], "texture": "#10"},
				"down": {"uv": [4, 1, 5, 4], "texture": "#10"}
			}
		},
		{
			"from": [0.75, 7, 2.475],
			"to": [1, 7.25, 2.975],
			"rotation": {"angle": 0, "axis": "y", "origin": [0, 6.75, 0]},
			"faces": {
				"north": {"uv": [3, 12, 4, 13], "texture": "#10"},
				"east": {"uv": [3, 12, 5, 13], "texture": "#10"},
				"south": {"uv": [4, 12, 5, 13], "texture": "#10"},
				"west": {"uv": [3, 12, 5, 13], "texture": "#10"},
				"up": {"uv": [3, 3, 4, 5], "texture": "#10"},
				"down": {"uv": [3, 3, 4, 5], "texture": "#10"}
			}
		},
		{
			"from": [0.75, 7.25, 4.25],
			"to": [1, 8.5, 4.5],
			"rotation": {"angle": 0, "axis": "y", "origin": [0, 6.75, 0]},
			"faces": {
				"north": {"uv": [4, 2, 5, 6], "texture": "#10"},
				"east": {"uv": [4, 2, 5, 6], "texture": "#10"},
				"south": {"uv": [4, 2, 5, 6], "texture": "#10"},
				"west": {"uv": [4, 2, 5, 6], "texture": "#10"},
				"up": {"uv": [4, 2, 5, 3], "texture": "#10"},
				"down": {"uv": [4, 8, 5, 9], "texture": "#10"}
			}
		},
		{
			"from": [0.75, 8.5, 4.5],
			"to": [1, 8.75, 5],
			"rotation": {"angle": 0, "axis": "y", "origin": [0, 6.75, 0]},
			"faces": {
				"north": {"uv": [2, 4, 3, 5], "texture": "#10"},
				"east": {"uv": [2, 4, 4, 5], "texture": "#10"},
				"south": {"uv": [3, 4, 4, 5], "texture": "#10"},
				"west": {"uv": [2, 4, 4, 5], "texture": "#10"},
				"up": {"uv": [2, 4, 3, 6], "texture": "#10"},
				"down": {"uv": [2, 4, 3, 6], "texture": "#10"}
			}
		},
		{
			"from": [1, 8.25, 4.75],
			"to": [1.5, 8.5, 5],
			"rotation": {"angle": 0, "axis": "y", "origin": [0, 6.75, 0]},
			"faces": {
				"north": {"uv": [4, 4, 6, 5], "texture": "#10"},
				"east": {"uv": [5, 4, 6, 5], "texture": "#10"},
				"south": {"uv": [4, 4, 6, 5], "texture": "#10"},
				"west": {"uv": [5, 4, 6, 5], "texture": "#10"},
				"up": {"uv": [4, 4, 6, 5], "texture": "#10"},
				"down": {"uv": [4, 4, 6, 5], "texture": "#10"}
			}
		},
		{
			"from": [4, 8.25, 4.75],
			"to": [4.5, 8.5, 5],
			"rotation": {"angle": 0, "axis": "y", "origin": [0, 6.75, 0]},
			"faces": {
				"north": {"uv": [4, 4, 6, 5], "texture": "#10"},
				"east": {"uv": [5, 4, 6, 5], "texture": "#10"},
				"south": {"uv": [4, 4, 6, 5], "texture": "#10"},
				"west": {"uv": [5, 4, 6, 5], "texture": "#10"},
				"up": {"uv": [4, 4, 6, 5], "texture": "#10"},
				"down": {"uv": [4, 4, 6, 5], "texture": "#10"}
			}
		},
		{
			"from": [1.5, 8, 4.75],
			"to": [4, 8.25, 5],
			"rotation": {"angle": 0, "axis": "y", "origin": [0, 6.75, 0]},
			"faces": {
				"north": {"uv": [5, 12, 15, 13], "texture": "#10"},
				"east": {"uv": [4, 4, 5, 5], "texture": "#10"},
				"south": {"uv": [5, 12, 15, 13], "texture": "#10"},
				"west": {"uv": [4, 4, 5, 5], "texture": "#10"},
				"up": {"uv": [5, 12, 15, 13], "texture": "#10"},
				"down": {"uv": [5, 12, 15, 13], "texture": "#10"}
			}
		},
		{
			"from": [4.5, 3.3, 3.1],
			"to": [4.75, 3.8, 3.35],
			"rotation": {"angle": 0, "axis": "y", "origin": [0, 6.75, 0]},
			"faces": {
				"north": {"uv": [4, 5, 15, 6], "texture": "#9"},
				"east": {"uv": [4, 5, 15, 6], "texture": "#9"},
				"south": {"uv": [4, 5, 15, 6], "texture": "#9"},
				"west": {"uv": [4, 5, 15, 6], "texture": "#9"},
				"up": {"uv": [3, 3, 12, 12], "texture": "#9"},
				"down": {"uv": [3, 3, 12, 12], "texture": "#9"}
			}
		},
		{
			"from": [0.75, 3.3, 3.1],
			"to": [1, 3.8, 3.35],
			"rotation": {"angle": 0, "axis": "y", "origin": [0, 6.75, 0]},
			"faces": {
				"north": {"uv": [4, 5, 15, 6], "texture": "#9"},
				"east": {"uv": [4, 5, 15, 6], "texture": "#9"},
				"south": {"uv": [4, 5, 15, 6], "texture": "#9"},
				"west": {"uv": [4, 5, 15, 6], "texture": "#9"},
				"up": {"uv": [3, 3, 12, 12], "texture": "#9"},
				"down": {"uv": [3, 3, 12, 12], "texture": "#9"}
			}
		},
		{
			"from": [4.5, 3.8, 2.975],
			"to": [4.75, 7.3, 3.475],
			"rotation": {"angle": 0, "axis": "y", "origin": [0, 6.75, 0]},
			"faces": {
				"north": {"uv": [3, 2, 3.75, 6.5], "texture": "#9"},
				"east": {"uv": [3, 2, 5, 15], "texture": "#9"},
				"south": {"uv": [3, 2, 3.75, 6.5], "texture": "#9"},
				"west": {"uv": [3, 2, 5, 15], "texture": "#9"},
				"up": {"uv": [3, 2, 4, 4], "texture": "#9"},
				"down": {"uv": [3, 2, 4, 4], "texture": "#9"}
			}
		},
		{
			"from": [0.75, 3.8, 2.975],
			"to": [1, 7.3, 3.475],
			"rotation": {"angle": 0, "axis": "y", "origin": [0, 6.75, 0]},
			"faces": {
				"north": {"uv": [3, 2, 3.75, 6.5], "texture": "#9"},
				"east": {"uv": [3, 2, 5, 15], "texture": "#9"},
				"south": {"uv": [3, 2, 3.75, 6.5], "texture": "#9"},
				"west": {"uv": [3, 2, 5, 15], "texture": "#9"},
				"up": {"uv": [3, 2, 4, 4], "texture": "#9"},
				"down": {"uv": [3, 2, 4, 4], "texture": "#9"}
			}
		},
		{
			"from": [2.625, 12, 2.875],
			"to": [2.875, 13.25, 4.125],
			"rotation": {"angle": 0, "axis": "y", "origin": [0, 6.75, 0]},
			"faces": {
				"north": {"uv": [0, 0, 6, 16], "texture": "#4"},
				"east": {"uv": [0, 0, 16, 16], "texture": "#4"},
				"south": {"uv": [0, 0, 6, 16], "texture": "#4"},
				"west": {"uv": [0, 0, 16, 16], "texture": "#4"},
				"up": {"uv": [0, 0, 5, 12], "texture": "#4"},
				"down": {"uv": [0, 0, 16, 16], "texture": "#4"}
			}
		},
		{
			"from": [2.375, 12, 3.125],
			"to": [3.125, 13.25, 3.875],
			"rotation": {"angle": 0, "axis": "y", "origin": [0, 6.75, 0]},
			"faces": {
				"north": {"uv": [0, 0, 16, 16], "texture": "#4"},
				"east": {"uv": [0, 0, 16, 16], "texture": "#4"},
				"south": {"uv": [0, 0, 16, 16], "texture": "#4"},
				"west": {"uv": [0, 0, 16, 16], "texture": "#4"},
				"up": {"uv": [0, 0, 16, 9], "texture": "#4"},
				"down": {"uv": [0, 0, 16, 16], "texture": "#4"}
			}
		},
		{
			"from": [2.625, 13.25, 3.375],
			"to": [2.875, 13.5, 3.625],
			"rotation": {"angle": 0, "axis": "y", "origin": [0, 6.75, 0]},
			"faces": {
				"north": {"uv": [0, 0, 4, 4], "texture": "#4"},
				"east": {"uv": [0, 0, 4, 4], "texture": "#4"},
				"south": {"uv": [0, 0, 4, 4], "texture": "#4"},
				"west": {"uv": [0, 0, 4, 4], "texture": "#4"},
				"up": {"uv": [0, 0, 4, 4], "texture": "#4"},
				"down": {"uv": [0, 0, 4, 4], "texture": "#4"}
			}
		},
		{
			"from": [1.875, 12.5, 3.375],
			"to": [3.625, 12.75, 3.625],
			"rotation": {"angle": 0, "axis": "y", "origin": [0, 6.75, 0]},
			"faces": {
				"north": {"uv": [0, 0, 16, 4], "texture": "#4"},
				"east": {"uv": [0, 0, 4, 4], "texture": "#4"},
				"south": {"uv": [0, 0, 16, 4], "texture": "#4"},
				"west": {"uv": [0, 0, 4, 4], "texture": "#4"},
				"up": {"uv": [0, 0, 12, 2], "texture": "#4"},
				"down": {"uv": [0, 0, 16, 16], "texture": "#4"}
			}
		},
		{
			"from": [2.625, 12.5, 2.625],
			"to": [2.875, 12.75, 4.375],
			"rotation": {"angle": 0, "axis": "y", "origin": [0, 6.75, 0]},
			"faces": {
				"north": {"uv": [0, 0, 4, 4], "texture": "#4"},
				"east": {"uv": [0, 0, 15, 3], "texture": "#4"},
				"south": {"uv": [0, 0, 4, 4], "texture": "#4"},
				"west": {"uv": [0, 0, 15, 3], "texture": "#4"},
				"up": {"uv": [12, 0, 16, 16], "texture": "#4"},
				"down": {"uv": [0, 0, 16, 16], "texture": "#4"}
			}
		},
		{
			"from": [2.125, 12.5, 2.875],
			"to": [3.375, 12.75, 4.125],
			"rotation": {"angle": 0, "axis": "y", "origin": [0, 6.75, 0]},
			"faces": {
				"north": {"uv": [0, 0, 16, 4], "texture": "#4"},
				"east": {"uv": [0, 0, 16, 3], "texture": "#4"},
				"south": {"uv": [0, 0, 16, 4], "texture": "#4"},
				"west": {"uv": [0, 0, 16, 3], "texture": "#4"},
				"up": {"uv": [0, 0, 16, 16], "texture": "#4"},
				"down": {"uv": [0, 0, 16, 16], "texture": "#4"}
			}
		},
		{
			"from": [2.375, 12.25, 2.875],
			"to": [3.125, 13, 4.125],
			"rotation": {"angle": 0, "axis": "y", "origin": [0, 6.75, 0]},
			"faces": {
				"north": {"uv": [0, 0, 16, 16], "texture": "#4"},
				"east": {"uv": [0, 0, 16, 16], "texture": "#4"},
				"south": {"uv": [0, 0, 16, 16], "texture": "#4"},
				"west": {"uv": [0, 0, 16, 16], "texture": "#4"},
				"up": {"uv": [0, 0, 16, 16], "texture": "#4"},
				"down": {"uv": [0, 0, 16, 16], "texture": "#4"}
			}
		},
		{
			"from": [2.125, 12.25, 3.125],
			"to": [3.375, 13, 3.875],
			"rotation": {"angle": 0, "axis": "y", "origin": [0, 6.75, 0]},
			"faces": {
				"north": {"uv": [0, 0, 16, 16], "texture": "#4"},
				"east": {"uv": [0, 0, 16, 16], "texture": "#4"},
				"south": {"uv": [0, 0, 16, 16], "texture": "#4"},
				"west": {"uv": [0, 0, 16, 16], "texture": "#4"},
				"up": {"uv": [0, 0, 13, 8], "texture": "#4"},
				"down": {"uv": [0, 0, 16, 16], "texture": "#4"}
			}
		},
		{
			"from": [2.125, 12, 3.375],
			"to": [3.375, 13.25, 3.625],
			"rotation": {"angle": 0, "axis": "y", "origin": [0, 6.75, 0]},
			"faces": {
				"north": {"uv": [0, 0, 16, 16], "texture": "#4"},
				"east": {"uv": [9, 0, 16, 16], "texture": "#4"},
				"south": {"uv": [0, 0, 16, 16], "texture": "#4"},
				"west": {"uv": [9, 0, 16, 16], "texture": "#4"},
				"up": {"uv": [0, 0, 16, 3], "texture": "#4"},
				"down": {"uv": [0, 0, 16, 16], "texture": "#4"}
			}
		}
	],
	"display": {
		"thirdperson_righthand": {
			"rotation": [6.75, 38.39, -19.18],
			"translation": [13.75, -4.25, -1],
			"scale": [2, 2, 2]
		},
		"thirdperson_lefthand": {
			"rotation": [6.93, 38.84, -19.49],
			"translation": [-1, 1.75, 12.75],
			"scale": [2, 2, 2]
		},
		"firstperson_righthand": {
			"rotation": [39, 34, 0],
			"translation": [16, -2.5, -1.25],
			"scale": [2, 2, 2]
		},
		"firstperson_lefthand": {
			"rotation": [49, 58, 0],
			"translation": [7.5, -11, 3.5],
			"scale": [2, 2, 2]
		},
		"ground": {
			"translation": [10, 12, 11],
			"scale": [2, 2, 2]
		},
		"gui": {
			"rotation": [-163.5, 43.25, 180],
			"translation": [-1, 1.25, 0],
			"scale": [2, 2, 2]
		},
		"head": {
			"translation": [21, -3.5, 19.5],
			"scale": [4, 4, 4]
		},
		"fixed": {
			"translation": [21, -4.5, 13],
			"scale": [4, 4, 4]
		}
	},
	"groups": [
		{
			"name": "wool",
			"origin": [0, 1.5, 0],
			"color": 0,
			"children": [0, 1, 2, 3, 4, 5, 6, 7, 8, 9, 10, 11, 12, 13]
		},
		{
			"name": "trim",
			"origin": [0, 6.75, 0],
			"color": 0,
			"children": [14, 15, 16, 17, 18, 19, 20, 21, 22, 23, 24, 25, 26, 27, 28, 29, 30, 31, 32, 33, 34]
		},
		{
			"name": "straps",
			"origin": [0, 1.5, 0],
			"color": 0,
			"children": [35, 36, 37, 38]
		},
		{
			"name": "ball",
			"origin": [0, 6.75, 0],
			"color": 0,
			"children": [39, 40, 41, 42, 43, 44, 45, 46, 47]
		}
	]
}