{
	"credit": "Made with Blockbench",
	"textures": {
		"0": "block/white_concrete",
		"particle": "block/white_concrete"
	},
	"elements": [
		{
			"from": [0, 0, 0],
			"to": [16, 24, 0],
			"faces": {
				"north": {"uv": [0, 0, 16, 16], "texture": "#0"},
				"east": {"uv": [1, 1, 1, 5], "texture": "#0"},
				"south": {"uv": [0, 0, 16, 16], "texture": "#0"},
				"west": {"uv": [1, 1, 1, 5], "texture": "#0"},
				"up": {"uv": [1, 1, 4, 1], "texture": "#0"},
				"down": {"uv": [1, 1, 4, 1], "texture": "#0"}
			}
		}
	],
	"display": {
		"fixed": {
			"translation": [16, 16, 32],
			"scale": [4, 4, 4]
		}
	}
}