{
	"parent": "item/handheld",
	"textures": {
		"layer0": "item/carrot_on_a_stick"
	},
	"overrides": [
		{ "predicate": {"custom_model_data": 1111}, "model": "customitem/mcm_kniferetrieval"},
		{ "predicate": {"custom_model_data": 1112}, "model": "customitem/mcm_randomtp"},
		{ "predicate": {"custom_model_data": 1113}, "model": "customitem/mcm_adrenaline"},
		{ "predicate": {"custom_model_data": 1114}, "model": "item/amethyst_shard"},
		{ "predicate": {"custom_model_data": 1115}, "model": "customitem/mcm_randomtp_retrieval"},
		{ "predicate": {"custom_model_data": 1116}, "model": "customitem/mcm_adrenaline_retrieval"}
	]
}