{
	"parent": "item/handheld",
	"textures": {
		"layer0": "item/diamond_hoe"
	},
	"overrides": [
		{ "predicate": {"custom_model_data": 69}, "model": "customitem/mcm_glasses"},
		{ "predicate": {"custom_model_data": 420}, "model": "customitem/mcm_bullet"},
		{ "predicate": {"custom_model_data": 1111}, "model": "customitem/spacehelmet"},
		{ "predicate": {"custom_model_data": 1112}, "model": "customitem/dark3dglasses"},
		{ "predicate": {"custom_model_data": 1113}, "model": "customitem/bowlerhat"},
		{ "predicate": {"custom_model_data": 1114}, "model": "customitem/rainbowhat"},
		{ "predicate": {"custom_model_data": 1115}, "model": "customitem/skipperhat"},
		{ "predicate": {"custom_model_data": 1116}, "model": "customitem/donut"},
		{ "predicate": {"custom_model_data": 1117}, "model": "customitem/bellhat"},
		{ "predicate": {"custom_model_data": 1118}, "model": "customitem/aviatorcap"},
		{ "predicate": {"custom_model_data": 1119}, "model": "customitem/fancy"},
		{ "predicate": {"custom_model_data": 1120}, "model": "customitem/minerhat"},
		{ "predicate": {"custom_model_data": 1121}, "model": "customitem/winterhat"},
		{ "predicate": {"custom_model_data": 1122}, "model": "customitem/hardhat"},
		{ "predicate": {"custom_model_data": 1123}, "model": "customitem/warden_ears"}

	]
}