{
	"parent": "item/handheld",
	"textures": {
		"layer0": "item/paper"
	},
	"overrides": [
		{ "predicate": {"custom_model_data": 1110}, "model": "customitem/posters/movie_poster"},
        { "predicate": {"custom_model_data": 1111}, "model": "customitem/posters/random"},
		{ "predicate": {"custom_model_data": 1112}, "model": "customitem/posters/library"},
		{ "predicate": {"custom_model_data": 1113}, "model": "customitem/posters/airship"},
		{ "predicate": {"custom_model_data": 1114}, "model": "customitem/posters/vineyard"},
		{ "predicate": {"custom_model_data": 1115}, "model": "customitem/posters/launchpad"},
        { "predicate": {"custom_model_data": 1116}, "model": "customitem/posters/cabin"},
        { "predicate": {"custom_model_data": 1117}, "model": "customitem/posters/cyberpunk"},
        { "predicate": {"custom_model_data": 1118}, "model": "customitem/posters/riverboat"},
        { "predicate": {"custom_model_data": 1119}, "model": "customitem/posters/train"},
        { "predicate": {"custom_model_data": 1120}, "model": "customitem/posters/industry"},
		{ "predicate": {"custom_model_data": 1121}, "model": "customitem/posters/gumdrop"},
		{ "predicate": {"custom_model_data": 1122}, "model": "customitem/posters/canyon"},
		{ "predicate": {"custom_model_data": 1123}, "model": "customitem/posters/sculk"},

		{ "predicate": {"custom_model_data": 2220}, "model": "customitem/posters/sculk_beta"}
	]
}