{
	"parent": "item/handheld",
	"textures": {
		"layer0": "item/stick"
	},
	"overrides": [
		{ "predicate": {"custom_model_data": 1111}, "model": "customitem/mcm_playertracker"},
		{ "predicate": {"custom_model_data": 1112}, "model": "customitem/mcm_arcademachine"},
		{ "predicate": {"custom_model_data": 1113}, "model": "customitem/mcm_arcademachine_broken"},
		{ "predicate": {"custom_model_data": 1114}, "model": "customitem/mcm_arcademachine_blast"},
		{ "predicate": {"custom_model_data": 1115}, "model": "customitem/mcm_arcademachine_run"},
		{ "predicate": {"custom_model_data": 1116}, "model": "customitem/playingcard"},
		{ "predicate": {"custom_model_data": 1117}, "model": "customitem/playingcard8"},
		{ "predicate": {"custom_model_data": 1118}, "model": "customitem/message_bottle"}
	]
}