{
	"parent": "item/handheld",
	"textures": {
		"layer0": "item/warped_fungus_on_a_stick"
	},
	"overrides": [
		{ "predicate": {"custom_model_data": 1111}, "model": "customitem/mcm_gun"},
		{ "predicate": {"custom_model_data": 1112}, "model": "customitem/mcm_randomtp"},
		{ "predicate": {"custom_model_data": 1113}, "model": "customitem/mcm_adrenaline"},
		{ "predicate": {"custom_model_data": 1114}, "model": "customitem/mcm_popcorn"},
		{ "predicate": {"custom_model_data": 1234}, "model": "customitem/mcm_queue_ticket"},
		{ "predicate": {"custom_model_data": 1235}, "model": "customitem/mcm_queue_ticket_auto"},
		{ "predicate": {"damaged": 1, "damage": 0}, "model": "item/warped_fungus_on_a_stick"}
	]
}